 ACCALL - Accessibility calculations
 MAX RESIDUES     5000
 MAX ATOMS/RES     100
 PDB FILE INPUT data/1G90.pdb
 PROBE SIZE       1.40
 Z-SLICE WIDTH   0.050
 VDW RADII FILE /opt/sdv/naccess2.1.1/vdw.radii
 EXCL HETATOMS
 EXCL HYDROGENS
 EXCL WATERS
 READVDW  32 residues input
 NON-STANDARD atom.|HG21| in residue> THR A   6 
 GUESSED vdw of HG21 in THR A   6  =  1.80
 NON-STANDARD atom.|HG22| in residue> THR A   6 
 GUESSED vdw of HG22 in THR A   6  =  1.80
 NON-STANDARD atom.|HG23| in residue> THR A   6 
 GUESSED vdw of HG23 in THR A   6  =  1.80
 NON-STANDARD atom.|HG21| in residue> THR A   9 
 GUESSED vdw of HG21 in THR A   9  =  1.80
 NON-STANDARD atom.|HG22| in residue> THR A   9 
 GUESSED vdw of HG22 in THR A   9  =  1.80
 NON-STANDARD atom.|HG23| in residue> THR A   9 
 GUESSED vdw of HG23 in THR A   9  =  1.80
 NON-STANDARD atom.|HE21| in residue> GLN A  17 
 GUESSED vdw of HE21 in GLN A  17  =  1.80
 NON-STANDARD atom.|HE22| in residue> GLN A  17 
 GUESSED vdw of HE22 in GLN A  17  =  1.80
 NON-STANDARD atom.|HG21| in residue> THR A  21 
 GUESSED vdw of HG21 in THR A  21  =  1.80
 NON-STANDARD atom.|HG22| in residue> THR A  21 
 GUESSED vdw of HG22 in THR A  21  =  1.80
 NON-STANDARD atom.|HG23| in residue> THR A  21 
 GUESSED vdw of HG23 in THR A  21  =  1.80
 NON-STANDARD atom.|HG12| in residue> ILE A  24 
 GUESSED vdw of HG12 in ILE A  24  =  1.80
 NON-STANDARD atom.|HG13| in residue> ILE A  24 
 GUESSED vdw of HG13 in ILE A  24  =  1.80
 NON-STANDARD atom.|HG21| in residue> ILE A  24 
 GUESSED vdw of HG21 in ILE A  24  =  1.80
 NON-STANDARD atom.|HG22| in residue> ILE A  24 
 GUESSED vdw of HG22 in ILE A  24  =  1.80
 NON-STANDARD atom.|HG23| in residue> ILE A  24 
 GUESSED vdw of HG23 in ILE A  24  =  1.80
 NON-STANDARD atom.|HG21| in residue> THR A  30 
 GUESSED vdw of HG21 in THR A  30  =  1.80
 NON-STANDARD atom.|HG22| in residue> THR A  30 
 GUESSED vdw of HG22 in THR A  30  =  1.80
 NON-STANDARD atom.|HG23| in residue> THR A  30 
 GUESSED vdw of HG23 in THR A  30  =  1.80
 NON-STANDARD atom.|HE21| in residue> GLN A  34 
 GUESSED vdw of HE21 in GLN A  34  =  1.80
 NON-STANDARD atom.|HE22| in residue> GLN A  34 
 GUESSED vdw of HE22 in GLN A  34  =  1.80
 NON-STANDARD atom.|HE21| in residue> GLN A  44 
 GUESSED vdw of HE21 in GLN A  44  =  1.80
 NON-STANDARD atom.|HE22| in residue> GLN A  44 
 GUESSED vdw of HE22 in GLN A  44  =  1.80
 NON-STANDARD atom.|HG11| in residue> VAL A  45 
 GUESSED vdw of HG11 in VAL A  45  =  1.80
 NON-STANDARD atom.|HG12| in residue> VAL A  45 
 GUESSED vdw of HG12 in VAL A  45  =  1.80
 NON-STANDARD atom.|HG13| in residue> VAL A  45 
 GUESSED vdw of HG13 in VAL A  45  =  1.80
 NON-STANDARD atom.|HG21| in residue> VAL A  45 
 GUESSED vdw of HG21 in VAL A  45  =  1.80
 NON-STANDARD atom.|HG22| in residue> VAL A  45 
 GUESSED vdw of HG22 in VAL A  45  =  1.80
 NON-STANDARD atom.|HG23| in residue> VAL A  45 
 GUESSED vdw of HG23 in VAL A  45  =  1.80
 NON-STANDARD atom.|HG11| in residue> VAL A  49 
 GUESSED vdw of HG11 in VAL A  49  =  1.80
 NON-STANDARD atom.|HG12| in residue> VAL A  49 
 GUESSED vdw of HG12 in VAL A  49  =  1.80
 NON-STANDARD atom.|HG13| in residue> VAL A  49 
 GUESSED vdw of HG13 in VAL A  49  =  1.80
 NON-STANDARD atom.|HG21| in residue> VAL A  49 
 GUESSED vdw of HG21 in VAL A  49  =  1.80
 NON-STANDARD atom.|HG22| in residue> VAL A  49 
 GUESSED vdw of HG22 in VAL A  49  =  1.80
 NON-STANDARD atom.|HG23| in residue> VAL A  49 
 GUESSED vdw of HG23 in VAL A  49  =  1.80
 NON-STANDARD atom.|HG11| in residue> VAL A  67 
 GUESSED vdw of HG11 in VAL A  67  =  1.80
 NON-STANDARD atom.|HG12| in residue> VAL A  67 
 GUESSED vdw of HG12 in VAL A  67  =  1.80
 NON-STANDARD atom.|HG13| in residue> VAL A  67 
 GUESSED vdw of HG13 in VAL A  67  =  1.80
 NON-STANDARD atom.|HG21| in residue> VAL A  67 
 GUESSED vdw of HG21 in VAL A  67  =  1.80
 NON-STANDARD atom.|HG22| in residue> VAL A  67 
 GUESSED vdw of HG22 in VAL A  67  =  1.80
 NON-STANDARD atom.|HG23| in residue> VAL A  67 
 GUESSED vdw of HG23 in VAL A  67  =  1.80
 NON-STANDARD atom.|HE21| in residue> GLN A  75 
 GUESSED vdw of HE21 in GLN A  75  =  1.80
 NON-STANDARD atom.|HE22| in residue> GLN A  75 
 GUESSED vdw of HE22 in GLN A  75  =  1.80
 NON-STANDARD atom.|HG11| in residue> VAL A  77 
 GUESSED vdw of HG11 in VAL A  77  =  1.80
 NON-STANDARD atom.|HG12| in residue> VAL A  77 
 GUESSED vdw of HG12 in VAL A  77  =  1.80
 NON-STANDARD atom.|HG13| in residue> VAL A  77 
 GUESSED vdw of HG13 in VAL A  77  =  1.80
 NON-STANDARD atom.|HG21| in residue> VAL A  77 
 GUESSED vdw of HG21 in VAL A  77  =  1.80
 NON-STANDARD atom.|HG22| in residue> VAL A  77 
 GUESSED vdw of HG22 in VAL A  77  =  1.80
 NON-STANDARD atom.|HG23| in residue> VAL A  77 
 GUESSED vdw of HG23 in VAL A  77  =  1.80
 NON-STANDARD atom.|HE21| in residue> GLN A  78 
 GUESSED vdw of HE21 in GLN A  78  =  1.80
 NON-STANDARD atom.|HE22| in residue> GLN A  78 
 GUESSED vdw of HE22 in GLN A  78  =  1.80
 NON-STANDARD atom.|HG21| in residue> THR A  80 
 GUESSED vdw of HG21 in THR A  80  =  1.80
 NON-STANDARD atom.|HG22| in residue> THR A  80 
 GUESSED vdw of HG22 in THR A  80  =  1.80
 NON-STANDARD atom.|HG23| in residue> THR A  80 
 GUESSED vdw of HG23 in THR A  80  =  1.80
 NON-STANDARD atom.|HG12| in residue> ILE A  87 
 GUESSED vdw of HG12 in ILE A  87  =  1.80
 NON-STANDARD atom.|HG13| in residue> ILE A  87 
 GUESSED vdw of HG13 in ILE A  87  =  1.80
 NON-STANDARD atom.|HG21| in residue> ILE A  87 
 GUESSED vdw of HG21 in ILE A  87  =  1.80
 NON-STANDARD atom.|HG22| in residue> ILE A  87 
 GUESSED vdw of HG22 in ILE A  87  =  1.80
 NON-STANDARD atom.|HG23| in residue> ILE A  87 
 GUESSED vdw of HG23 in ILE A  87  =  1.80
 NON-STANDARD atom.|HG21| in residue> THR A  88 
 GUESSED vdw of HG21 in THR A  88  =  1.80
 NON-STANDARD atom.|HG22| in residue> THR A  88 
 GUESSED vdw of HG22 in THR A  88  =  1.80
 NON-STANDARD atom.|HG23| in residue> THR A  88 
 GUESSED vdw of HG23 in THR A  88  =  1.80
 NON-STANDARD atom.|HG12| in residue> ILE A  93 
 GUESSED vdw of HG12 in ILE A  93  =  1.80
 NON-STANDARD atom.|HG13| in residue> ILE A  93 
 GUESSED vdw of HG13 in ILE A  93  =  1.80
 NON-STANDARD atom.|HG21| in residue> ILE A  93 
 GUESSED vdw of HG21 in ILE A  93  =  1.80
 NON-STANDARD atom.|HG22| in residue> ILE A  93 
 GUESSED vdw of HG22 in ILE A  93  =  1.80
 NON-STANDARD atom.|HG23| in residue> ILE A  93 
 GUESSED vdw of HG23 in ILE A  93  =  1.80
 NON-STANDARD atom.|HG21| in residue> THR A  95 
 GUESSED vdw of HG21 in THR A  95  =  1.80
 NON-STANDARD atom.|HG22| in residue> THR A  95 
 GUESSED vdw of HG22 in THR A  95  =  1.80
 NON-STANDARD atom.|HG23| in residue> THR A  95 
 GUESSED vdw of HG23 in THR A  95  =  1.80
 NON-STANDARD atom.|HG11| in residue> VAL A 101 
 GUESSED vdw of HG11 in VAL A 101  =  1.80
 NON-STANDARD atom.|HG12| in residue> VAL A 101 
 GUESSED vdw of HG12 in VAL A 101  =  1.80
 NON-STANDARD atom.|HG13| in residue> VAL A 101 
 GUESSED vdw of HG13 in VAL A 101  =  1.80
 NON-STANDARD atom.|HG21| in residue> VAL A 101 
 GUESSED vdw of HG21 in VAL A 101  =  1.80
 NON-STANDARD atom.|HG22| in residue> VAL A 101 
 GUESSED vdw of HG22 in VAL A 101  =  1.80
 NON-STANDARD atom.|HG23| in residue> VAL A 101 
 GUESSED vdw of HG23 in VAL A 101  =  1.80
 NON-STANDARD atom.|HG21| in residue> THR A 106 
 GUESSED vdw of HG21 in THR A 106  =  1.80
 NON-STANDARD atom.|HG22| in residue> THR A 106 
 GUESSED vdw of HG22 in THR A 106  =  1.80
 NON-STANDARD atom.|HG23| in residue> THR A 106 
 GUESSED vdw of HG23 in THR A 106  =  1.80
 NON-STANDARD atom.|HG11| in residue> VAL A 110 
 GUESSED vdw of HG11 in VAL A 110  =  1.80
 NON-STANDARD atom.|HG12| in residue> VAL A 110 
 GUESSED vdw of HG12 in VAL A 110  =  1.80
 NON-STANDARD atom.|HG13| in residue> VAL A 110 
 GUESSED vdw of HG13 in VAL A 110  =  1.80
 NON-STANDARD atom.|HG21| in residue> VAL A 110 
 GUESSED vdw of HG21 in VAL A 110  =  1.80
 NON-STANDARD atom.|HG22| in residue> VAL A 110 
 GUESSED vdw of HG22 in VAL A 110  =  1.80
 NON-STANDARD atom.|HG23| in residue> VAL A 110 
 GUESSED vdw of HG23 in VAL A 110  =  1.80
 NON-STANDARD atom.|HG21| in residue> THR A 117 
 GUESSED vdw of HG21 in THR A 117  =  1.80
 NON-STANDARD atom.|HG22| in residue> THR A 117 
 GUESSED vdw of HG22 in THR A 117  =  1.80
 NON-STANDARD atom.|HG23| in residue> THR A 117 
 GUESSED vdw of HG23 in THR A 117  =  1.80
 NON-STANDARD atom.|HG11| in residue> VAL A 119 
 GUESSED vdw of HG11 in VAL A 119  =  1.80
 NON-STANDARD atom.|HG12| in residue> VAL A 119 
 GUESSED vdw of HG12 in VAL A 119  =  1.80
 NON-STANDARD atom.|HG13| in residue> VAL A 119 
 GUESSED vdw of HG13 in VAL A 119  =  1.80
 NON-STANDARD atom.|HG21| in residue> VAL A 119 
 GUESSED vdw of HG21 in VAL A 119  =  1.80
 NON-STANDARD atom.|HG22| in residue> VAL A 119 
 GUESSED vdw of HG22 in VAL A 119  =  1.80
 NON-STANDARD atom.|HG23| in residue> VAL A 119 
 GUESSED vdw of HG23 in VAL A 119  =  1.80
 NON-STANDARD atom.|HG11| in residue> VAL A 122 
 GUESSED vdw of HG11 in VAL A 122  =  1.80
 NON-STANDARD atom.|HG12| in residue> VAL A 122 
 GUESSED vdw of HG12 in VAL A 122  =  1.80
 NON-STANDARD atom.|HG13| in residue> VAL A 122 
 GUESSED vdw of HG13 in VAL A 122  =  1.80
 NON-STANDARD atom.|HG21| in residue> VAL A 122 
 GUESSED vdw of HG21 in VAL A 122  =  1.80
 NON-STANDARD atom.|HG22| in residue> VAL A 122 
 GUESSED vdw of HG22 in VAL A 122  =  1.80
 NON-STANDARD atom.|HG23| in residue> VAL A 122 
 GUESSED vdw of HG23 in VAL A 122  =  1.80
 NON-STANDARD atom.|HG11| in residue> VAL A 127 
 GUESSED vdw of HG11 in VAL A 127  =  1.80
 NON-STANDARD atom.|HG12| in residue> VAL A 127 
 GUESSED vdw of HG12 in VAL A 127  =  1.80
 NON-STANDARD atom.|HG13| in residue> VAL A 127 
 GUESSED vdw of HG13 in VAL A 127  =  1.80
 NON-STANDARD atom.|HG21| in residue> VAL A 127 
 GUESSED vdw of HG21 in VAL A 127  =  1.80
 NON-STANDARD atom.|HG22| in residue> VAL A 127 
 GUESSED vdw of HG22 in VAL A 127  =  1.80
 NON-STANDARD atom.|HG23| in residue> VAL A 127 
 GUESSED vdw of HG23 in VAL A 127  =  1.80
 NON-STANDARD atom.|HG12| in residue> ILE A 131 
 GUESSED vdw of HG12 in ILE A 131  =  1.80
 NON-STANDARD atom.|HG13| in residue> ILE A 131 
 GUESSED vdw of HG13 in ILE A 131  =  1.80
 NON-STANDARD atom.|HG21| in residue> ILE A 131 
 GUESSED vdw of HG21 in ILE A 131  =  1.80
 NON-STANDARD atom.|HG22| in residue> ILE A 131 
 GUESSED vdw of HG22 in ILE A 131  =  1.80
 NON-STANDARD atom.|HG23| in residue> ILE A 131 
 GUESSED vdw of HG23 in ILE A 131  =  1.80
 NON-STANDARD atom.|HG21| in residue> THR A 132 
 GUESSED vdw of HG21 in THR A 132  =  1.80
 NON-STANDARD atom.|HG22| in residue> THR A 132 
 GUESSED vdw of HG22 in THR A 132  =  1.80
 NON-STANDARD atom.|HG23| in residue> THR A 132 
 GUESSED vdw of HG23 in THR A 132  =  1.80
 NON-STANDARD atom.|HG12| in residue> ILE A 135 
 GUESSED vdw of HG12 in ILE A 135  =  1.80
 NON-STANDARD atom.|HG13| in residue> ILE A 135 
 GUESSED vdw of HG13 in ILE A 135  =  1.80
 NON-STANDARD atom.|HG21| in residue> ILE A 135 
 GUESSED vdw of HG21 in ILE A 135  =  1.80
 NON-STANDARD atom.|HG22| in residue> ILE A 135 
 GUESSED vdw of HG22 in ILE A 135  =  1.80
 NON-STANDARD atom.|HG23| in residue> ILE A 135 
 GUESSED vdw of HG23 in ILE A 135  =  1.80
 NON-STANDARD atom.|HG21| in residue> THR A 137 
 GUESSED vdw of HG21 in THR A 137  =  1.80
 NON-STANDARD atom.|HG22| in residue> THR A 137 
 GUESSED vdw of HG22 in THR A 137  =  1.80
 NON-STANDARD atom.|HG23| in residue> THR A 137 
 GUESSED vdw of HG23 in THR A 137  =  1.80
 NON-STANDARD atom.|HE21| in residue> GLN A 142 
 GUESSED vdw of HE21 in GLN A 142  =  1.80
 NON-STANDARD atom.|HE22| in residue> GLN A 142 
 GUESSED vdw of HE22 in GLN A 142  =  1.80
 NON-STANDARD atom.|HG21| in residue> THR A 144 
 GUESSED vdw of HG21 in THR A 144  =  1.80
 NON-STANDARD atom.|HG22| in residue> THR A 144 
 GUESSED vdw of HG22 in THR A 144  =  1.80
 NON-STANDARD atom.|HG23| in residue> THR A 144 
 GUESSED vdw of HG23 in THR A 144  =  1.80
 NON-STANDARD atom.|HG12| in residue> ILE A 147 
 GUESSED vdw of HG12 in ILE A 147  =  1.80
 NON-STANDARD atom.|HG13| in residue> ILE A 147 
 GUESSED vdw of HG13 in ILE A 147  =  1.80
 NON-STANDARD atom.|HG21| in residue> ILE A 147 
 GUESSED vdw of HG21 in ILE A 147  =  1.80
 NON-STANDARD atom.|HG22| in residue> ILE A 147 
 GUESSED vdw of HG22 in ILE A 147  =  1.80
 NON-STANDARD atom.|HG23| in residue> ILE A 147 
 GUESSED vdw of HG23 in ILE A 147  =  1.80
 NON-STANDARD atom.|HG21| in residue> THR A 152 
 GUESSED vdw of HG21 in THR A 152  =  1.80
 NON-STANDARD atom.|HG22| in residue> THR A 152 
 GUESSED vdw of HG22 in THR A 152  =  1.80
 NON-STANDARD atom.|HG23| in residue> THR A 152 
 GUESSED vdw of HG23 in THR A 152  =  1.80
 NON-STANDARD atom.|HG12| in residue> ILE A 153 
 GUESSED vdw of HG12 in ILE A 153  =  1.80
 NON-STANDARD atom.|HG13| in residue> ILE A 153 
 GUESSED vdw of HG13 in ILE A 153  =  1.80
 NON-STANDARD atom.|HG21| in residue> ILE A 153 
 GUESSED vdw of HG21 in ILE A 153  =  1.80
 NON-STANDARD atom.|HG22| in residue> ILE A 153 
 GUESSED vdw of HG22 in ILE A 153  =  1.80
 NON-STANDARD atom.|HG23| in residue> ILE A 153 
 GUESSED vdw of HG23 in ILE A 153  =  1.80
 NON-STANDARD atom.|HG21| in residue> THR A 155 
 GUESSED vdw of HG21 in THR A 155  =  1.80
 NON-STANDARD atom.|HG22| in residue> THR A 155 
 GUESSED vdw of HG22 in THR A 155  =  1.80
 NON-STANDARD atom.|HG23| in residue> THR A 155 
 GUESSED vdw of HG23 in THR A 155  =  1.80
 NON-STANDARD atom.|HG11| in residue> VAL A 166 
 GUESSED vdw of HG11 in VAL A 166  =  1.80
 NON-STANDARD atom.|HG12| in residue> VAL A 166 
 GUESSED vdw of HG12 in VAL A 166  =  1.80
 NON-STANDARD atom.|HG13| in residue> VAL A 166 
 GUESSED vdw of HG13 in VAL A 166  =  1.80
 NON-STANDARD atom.|HG21| in residue> VAL A 166 
 GUESSED vdw of HG21 in VAL A 166  =  1.80
 NON-STANDARD atom.|HG22| in residue> VAL A 166 
 GUESSED vdw of HG22 in VAL A 166  =  1.80
 NON-STANDARD atom.|HG23| in residue> VAL A 166 
 GUESSED vdw of HG23 in VAL A 166  =  1.80
 NON-STANDARD atom.|HE21| in residue> GLN A 172 
 GUESSED vdw of HE21 in GLN A 172  =  1.80
 NON-STANDARD atom.|HE22| in residue> GLN A 172 
 GUESSED vdw of HE22 in GLN A 172  =  1.80
 NON-STANDARD atom.|HG21| in residue> THR A   6 
 GUESSED vdw of HG21 in THR A   6  =  1.80
 NON-STANDARD atom.|HG22| in residue> THR A   6 
 GUESSED vdw of HG22 in THR A   6  =  1.80
 NON-STANDARD atom.|HG23| in residue> THR A   6 
 GUESSED vdw of HG23 in THR A   6  =  1.80
 NON-STANDARD atom.|HG21| in residue> THR A   9 
 GUESSED vdw of HG21 in THR A   9  =  1.80
 NON-STANDARD atom.|HG22| in residue> THR A   9 
 GUESSED vdw of HG22 in THR A   9  =  1.80
 NON-STANDARD atom.|HG23| in residue> THR A   9 
 GUESSED vdw of HG23 in THR A   9  =  1.80
 NON-STANDARD atom.|HE21| in residue> GLN A  17 
 GUESSED vdw of HE21 in GLN A  17  =  1.80
 NON-STANDARD atom.|HE22| in residue> GLN A  17 
 GUESSED vdw of HE22 in GLN A  17  =  1.80
 NON-STANDARD atom.|HG21| in residue> THR A  21 
 GUESSED vdw of HG21 in THR A  21  =  1.80
 NON-STANDARD atom.|HG22| in residue> THR A  21 
 GUESSED vdw of HG22 in THR A  21  =  1.80
 NON-STANDARD atom.|HG23| in residue> THR A  21 
 GUESSED vdw of HG23 in THR A  21  =  1.80
 NON-STANDARD atom.|HG12| in residue> ILE A  24 
 GUESSED vdw of HG12 in ILE A  24  =  1.80
 NON-STANDARD atom.|HG13| in residue> ILE A  24 
 GUESSED vdw of HG13 in ILE A  24  =  1.80
 NON-STANDARD atom.|HG21| in residue> ILE A  24 
 GUESSED vdw of HG21 in ILE A  24  =  1.80
 NON-STANDARD atom.|HG22| in residue> ILE A  24 
 GUESSED vdw of HG22 in ILE A  24  =  1.80
 NON-STANDARD atom.|HG23| in residue> ILE A  24 
 GUESSED vdw of HG23 in ILE A  24  =  1.80
 NON-STANDARD atom.|HG21| in residue> THR A  30 
 GUESSED vdw of HG21 in THR A  30  =  1.80
 NON-STANDARD atom.|HG22| in residue> THR A  30 
 GUESSED vdw of HG22 in THR A  30  =  1.80
 NON-STANDARD atom.|HG23| in residue> THR A  30 
 GUESSED vdw of HG23 in THR A  30  =  1.80
 NON-STANDARD atom.|HE21| in residue> GLN A  34 
 GUESSED vdw of HE21 in GLN A  34  =  1.80
 NON-STANDARD atom.|HE22| in residue> GLN A  34 
 GUESSED vdw of HE22 in GLN A  34  =  1.80
 NON-STANDARD atom.|HE21| in residue> GLN A  44 
 GUESSED vdw of HE21 in GLN A  44  =  1.80
 NON-STANDARD atom.|HE22| in residue> GLN A  44 
 GUESSED vdw of HE22 in GLN A  44  =  1.80
 NON-STANDARD atom.|HG11| in residue> VAL A  45 
 GUESSED vdw of HG11 in VAL A  45  =  1.80
 NON-STANDARD atom.|HG12| in residue> VAL A  45 
 GUESSED vdw of HG12 in VAL A  45  =  1.80
 NON-STANDARD atom.|HG13| in residue> VAL A  45 
 GUESSED vdw of HG13 in VAL A  45  =  1.80
 NON-STANDARD atom.|HG21| in residue> VAL A  45 
 GUESSED vdw of HG21 in VAL A  45  =  1.80
 NON-STANDARD atom.|HG22| in residue> VAL A  45 
 GUESSED vdw of HG22 in VAL A  45  =  1.80
 NON-STANDARD atom.|HG23| in residue> VAL A  45 
 GUESSED vdw of HG23 in VAL A  45  =  1.80
 NON-STANDARD atom.|HG11| in residue> VAL A  49 
 GUESSED vdw of HG11 in VAL A  49  =  1.80
 NON-STANDARD atom.|HG12| in residue> VAL A  49 
 GUESSED vdw of HG12 in VAL A  49  =  1.80
 NON-STANDARD atom.|HG13| in residue> VAL A  49 
 GUESSED vdw of HG13 in VAL A  49  =  1.80
 NON-STANDARD atom.|HG21| in residue> VAL A  49 
 GUESSED vdw of HG21 in VAL A  49  =  1.80
 NON-STANDARD atom.|HG22| in residue> VAL A  49 
 GUESSED vdw of HG22 in VAL A  49  =  1.80
 NON-STANDARD atom.|HG23| in residue> VAL A  49 
 GUESSED vdw of HG23 in VAL A  49  =  1.80
 NON-STANDARD atom.|HG11| in residue> VAL A  67 
 GUESSED vdw of HG11 in VAL A  67  =  1.80
 NON-STANDARD atom.|HG12| in residue> VAL A  67 
 GUESSED vdw of HG12 in VAL A  67  =  1.80
 NON-STANDARD atom.|HG13| in residue> VAL A  67 
 GUESSED vdw of HG13 in VAL A  67  =  1.80
 NON-STANDARD atom.|HG21| in residue> VAL A  67 
 GUESSED vdw of HG21 in VAL A  67  =  1.80
 NON-STANDARD atom.|HG22| in residue> VAL A  67 
 GUESSED vdw of HG22 in VAL A  67  =  1.80
 NON-STANDARD atom.|HG23| in residue> VAL A  67 
 GUESSED vdw of HG23 in VAL A  67  =  1.80
 NON-STANDARD atom.|HE21| in residue> GLN A  75 
 GUESSED vdw of HE21 in GLN A  75  =  1.80
 NON-STANDARD atom.|HE22| in residue> GLN A  75 
 GUESSED vdw of HE22 in GLN A  75  =  1.80
 NON-STANDARD atom.|HG11| in residue> VAL A  77 
 GUESSED vdw of HG11 in VAL A  77  =  1.80
 NON-STANDARD atom.|HG12| in residue> VAL A  77 
 GUESSED vdw of HG12 in VAL A  77  =  1.80
 NON-STANDARD atom.|HG13| in residue> VAL A  77 
 GUESSED vdw of HG13 in VAL A  77  =  1.80
 NON-STANDARD atom.|HG21| in residue> VAL A  77 
 GUESSED vdw of HG21 in VAL A  77  =  1.80
 NON-STANDARD atom.|HG22| in residue> VAL A  77 
 GUESSED vdw of HG22 in VAL A  77  =  1.80
 NON-STANDARD atom.|HG23| in residue> VAL A  77 
 GUESSED vdw of HG23 in VAL A  77  =  1.80
 NON-STANDARD atom.|HE21| in residue> GLN A  78 
 GUESSED vdw of HE21 in GLN A  78  =  1.80
 NON-STANDARD atom.|HE22| in residue> GLN A  78 
 GUESSED vdw of HE22 in GLN A  78  =  1.80
 NON-STANDARD atom.|HG21| in residue> THR A  80 
 GUESSED vdw of HG21 in THR A  80  =  1.80
 NON-STANDARD atom.|HG22| in residue> THR A  80 
 GUESSED vdw of HG22 in THR A  80  =  1.80
 NON-STANDARD atom.|HG23| in residue> THR A  80 
 GUESSED vdw of HG23 in THR A  80  =  1.80
 NON-STANDARD atom.|HG12| in residue> ILE A  87 
 GUESSED vdw of HG12 in ILE A  87  =  1.80
 NON-STANDARD atom.|HG13| in residue> ILE A  87 
 GUESSED vdw of HG13 in ILE A  87  =  1.80
 NON-STANDARD atom.|HG21| in residue> ILE A  87 
 GUESSED vdw of HG21 in ILE A  87  =  1.80
 NON-STANDARD atom.|HG22| in residue> ILE A  87 
 GUESSED vdw of HG22 in ILE A  87  =  1.80
 NON-STANDARD atom.|HG23| in residue> ILE A  87 
 GUESSED vdw of HG23 in ILE A  87  =  1.80
 NON-STANDARD atom.|HG21| in residue> THR A  88 
 GUESSED vdw of HG21 in THR A  88  =  1.80
 NON-STANDARD atom.|HG22| in residue> THR A  88 
 GUESSED vdw of HG22 in THR A  88  =  1.80
 NON-STANDARD atom.|HG23| in residue> THR A  88 
 GUESSED vdw of HG23 in THR A  88  =  1.80
 NON-STANDARD atom.|HG12| in residue> ILE A  93 
 GUESSED vdw of HG12 in ILE A  93  =  1.80
 NON-STANDARD atom.|HG13| in residue> ILE A  93 
 GUESSED vdw of HG13 in ILE A  93  =  1.80
 NON-STANDARD atom.|HG21| in residue> ILE A  93 
 GUESSED vdw of HG21 in ILE A  93  =  1.80
 NON-STANDARD atom.|HG22| in residue> ILE A  93 
 GUESSED vdw of HG22 in ILE A  93  =  1.80
 NON-STANDARD atom.|HG23| in residue> ILE A  93 
 GUESSED vdw of HG23 in ILE A  93  =  1.80
 NON-STANDARD atom.|HG21| in residue> THR A  95 
 GUESSED vdw of HG21 in THR A  95  =  1.80
 NON-STANDARD atom.|HG22| in residue> THR A  95 
 GUESSED vdw of HG22 in THR A  95  =  1.80
 NON-STANDARD atom.|HG23| in residue> THR A  95 
 GUESSED vdw of HG23 in THR A  95  =  1.80
 NON-STANDARD atom.|HG11| in residue> VAL A 101 
 GUESSED vdw of HG11 in VAL A 101  =  1.80
 NON-STANDARD atom.|HG12| in residue> VAL A 101 
 GUESSED vdw of HG12 in VAL A 101  =  1.80
 NON-STANDARD atom.|HG13| in residue> VAL A 101 
 GUESSED vdw of HG13 in VAL A 101  =  1.80
 NON-STANDARD atom.|HG21| in residue> VAL A 101 
 GUESSED vdw of HG21 in VAL A 101  =  1.80
 NON-STANDARD atom.|HG22| in residue> VAL A 101 
 GUESSED vdw of HG22 in VAL A 101  =  1.80
 NON-STANDARD atom.|HG23| in residue> VAL A 101 
 GUESSED vdw of HG23 in VAL A 101  =  1.80
 NON-STANDARD atom.|HG21| in residue> THR A 106 
 GUESSED vdw of HG21 in THR A 106  =  1.80
 NON-STANDARD atom.|HG22| in residue> THR A 106 
 GUESSED vdw of HG22 in THR A 106  =  1.80
 NON-STANDARD atom.|HG23| in residue> THR A 106 
 GUESSED vdw of HG23 in THR A 106  =  1.80
 NON-STANDARD atom.|HG11| in residue> VAL A 110 
 GUESSED vdw of HG11 in VAL A 110  =  1.80
 NON-STANDARD atom.|HG12| in residue> VAL A 110 
 GUESSED vdw of HG12 in VAL A 110  =  1.80
 NON-STANDARD atom.|HG13| in residue> VAL A 110 
 GUESSED vdw of HG13 in VAL A 110  =  1.80
 NON-STANDARD atom.|HG21| in residue> VAL A 110 
 GUESSED vdw of HG21 in VAL A 110  =  1.80
 NON-STANDARD atom.|HG22| in residue> VAL A 110 
 GUESSED vdw of HG22 in VAL A 110  =  1.80
 NON-STANDARD atom.|HG23| in residue> VAL A 110 
 GUESSED vdw of HG23 in VAL A 110  =  1.80
 NON-STANDARD atom.|HG21| in residue> THR A 117 
 GUESSED vdw of HG21 in THR A 117  =  1.80
 NON-STANDARD atom.|HG22| in residue> THR A 117 
 GUESSED vdw of HG22 in THR A 117  =  1.80
 NON-STANDARD atom.|HG23| in residue> THR A 117 
 GUESSED vdw of HG23 in THR A 117  =  1.80
 NON-STANDARD atom.|HG11| in residue> VAL A 119 
 GUESSED vdw of HG11 in VAL A 119  =  1.80
 NON-STANDARD atom.|HG12| in residue> VAL A 119 
 GUESSED vdw of HG12 in VAL A 119  =  1.80
 NON-STANDARD atom.|HG13| in residue> VAL A 119 
 GUESSED vdw of HG13 in VAL A 119  =  1.80
 NON-STANDARD atom.|HG21| in residue> VAL A 119 
 GUESSED vdw of HG21 in VAL A 119  =  1.80
 NON-STANDARD atom.|HG22| in residue> VAL A 119 
 GUESSED vdw of HG22 in VAL A 119  =  1.80
 NON-STANDARD atom.|HG23| in residue> VAL A 119 
 GUESSED vdw of HG23 in VAL A 119  =  1.80
 NON-STANDARD atom.|HG11| in residue> VAL A 122 
 GUESSED vdw of HG11 in VAL A 122  =  1.80
 NON-STANDARD atom.|HG12| in residue> VAL A 122 
 GUESSED vdw of HG12 in VAL A 122  =  1.80
 NON-STANDARD atom.|HG13| in residue> VAL A 122 
 GUESSED vdw of HG13 in VAL A 122  =  1.80
 NON-STANDARD atom.|HG21| in residue> VAL A 122 
 GUESSED vdw of HG21 in VAL A 122  =  1.80
 NON-STANDARD atom.|HG22| in residue> VAL A 122 
 GUESSED vdw of HG22 in VAL A 122  =  1.80
 NON-STANDARD atom.|HG23| in residue> VAL A 122 
 GUESSED vdw of HG23 in VAL A 122  =  1.80
 NON-STANDARD atom.|HG11| in residue> VAL A 127 
 GUESSED vdw of HG11 in VAL A 127  =  1.80
 NON-STANDARD atom.|HG12| in residue> VAL A 127 
 GUESSED vdw of HG12 in VAL A 127  =  1.80
 NON-STANDARD atom.|HG13| in residue> VAL A 127 
 GUESSED vdw of HG13 in VAL A 127  =  1.80
 NON-STANDARD atom.|HG21| in residue> VAL A 127 
 GUESSED vdw of HG21 in VAL A 127  =  1.80
 NON-STANDARD atom.|HG22| in residue> VAL A 127 
 GUESSED vdw of HG22 in VAL A 127  =  1.80
 NON-STANDARD atom.|HG23| in residue> VAL A 127 
 GUESSED vdw of HG23 in VAL A 127  =  1.80
 NON-STANDARD atom.|HG12| in residue> ILE A 131 
 GUESSED vdw of HG12 in ILE A 131  =  1.80
 NON-STANDARD atom.|HG13| in residue> ILE A 131 
 GUESSED vdw of HG13 in ILE A 131  =  1.80
 NON-STANDARD atom.|HG21| in residue> ILE A 131 
 GUESSED vdw of HG21 in ILE A 131  =  1.80
 NON-STANDARD atom.|HG22| in residue> ILE A 131 
 GUESSED vdw of HG22 in ILE A 131  =  1.80
 NON-STANDARD atom.|HG23| in residue> ILE A 131 
 GUESSED vdw of HG23 in ILE A 131  =  1.80
 NON-STANDARD atom.|HG21| in residue> THR A 132 
 GUESSED vdw of HG21 in THR A 132  =  1.80
 NON-STANDARD atom.|HG22| in residue> THR A 132 
 GUESSED vdw of HG22 in THR A 132  =  1.80
 NON-STANDARD atom.|HG23| in residue> THR A 132 
 GUESSED vdw of HG23 in THR A 132  =  1.80
 NON-STANDARD atom.|HG12| in residue> ILE A 135 
 GUESSED vdw of HG12 in ILE A 135  =  1.80
 NON-STANDARD atom.|HG13| in residue> ILE A 135 
 GUESSED vdw of HG13 in ILE A 135  =  1.80
 NON-STANDARD atom.|HG21| in residue> ILE A 135 
 GUESSED vdw of HG21 in ILE A 135  =  1.80
 NON-STANDARD atom.|HG22| in residue> ILE A 135 
 GUESSED vdw of HG22 in ILE A 135  =  1.80
 NON-STANDARD atom.|HG23| in residue> ILE A 135 
 GUESSED vdw of HG23 in ILE A 135  =  1.80
 NON-STANDARD atom.|HG21| in residue> THR A 137 
 GUESSED vdw of HG21 in THR A 137  =  1.80
 NON-STANDARD atom.|HG22| in residue> THR A 137 
 GUESSED vdw of HG22 in THR A 137  =  1.80
 NON-STANDARD atom.|HG23| in residue> THR A 137 
 GUESSED vdw of HG23 in THR A 137  =  1.80
 NON-STANDARD atom.|HE21| in residue> GLN A 142 
 GUESSED vdw of HE21 in GLN A 142  =  1.80
 NON-STANDARD atom.|HE22| in residue> GLN A 142 
 GUESSED vdw of HE22 in GLN A 142  =  1.80
 NON-STANDARD atom.|HG21| in residue> THR A 144 
 GUESSED vdw of HG21 in THR A 144  =  1.80
 NON-STANDARD atom.|HG22| in residue> THR A 144 
 GUESSED vdw of HG22 in THR A 144  =  1.80
 NON-STANDARD atom.|HG23| in residue> THR A 144 
 GUESSED vdw of HG23 in THR A 144  =  1.80
 NON-STANDARD atom.|HG12| in residue> ILE A 147 
 GUESSED vdw of HG12 in ILE A 147  =  1.80
 NON-STANDARD atom.|HG13| in residue> ILE A 147 
 GUESSED vdw of HG13 in ILE A 147  =  1.80
 NON-STANDARD atom.|HG21| in residue> ILE A 147 
 GUESSED vdw of HG21 in ILE A 147  =  1.80
 NON-STANDARD atom.|HG22| in residue> ILE A 147 
 GUESSED vdw of HG22 in ILE A 147  =  1.80
 NON-STANDARD atom.|HG23| in residue> ILE A 147 
 GUESSED vdw of HG23 in ILE A 147  =  1.80
 NON-STANDARD atom.|HG21| in residue> THR A 152 
 GUESSED vdw of HG21 in THR A 152  =  1.80
 NON-STANDARD atom.|HG22| in residue> THR A 152 
 GUESSED vdw of HG22 in THR A 152  =  1.80
 NON-STANDARD atom.|HG23| in residue> THR A 152 
 GUESSED vdw of HG23 in THR A 152  =  1.80
 NON-STANDARD atom.|HG12| in residue> ILE A 153 
 GUESSED vdw of HG12 in ILE A 153  =  1.80
 NON-STANDARD atom.|HG13| in residue> ILE A 153 
 GUESSED vdw of HG13 in ILE A 153  =  1.80
 NON-STANDARD atom.|HG21| in residue> ILE A 153 
 GUESSED vdw of HG21 in ILE A 153  =  1.80
 NON-STANDARD atom.|HG22| in residue> ILE A 153 
 GUESSED vdw of HG22 in ILE A 153  =  1.80
 NON-STANDARD atom.|HG23| in residue> ILE A 153 
 GUESSED vdw of HG23 in ILE A 153  =  1.80
 NON-STANDARD atom.|HG21| in residue> THR A 155 
 GUESSED vdw of HG21 in THR A 155  =  1.80
 NON-STANDARD atom.|HG22| in residue> THR A 155 
 GUESSED vdw of HG22 in THR A 155  =  1.80
 NON-STANDARD atom.|HG23| in residue> THR A 155 
 GUESSED vdw of HG23 in THR A 155  =  1.80
 NON-STANDARD atom.|HG11| in residue> VAL A 166 
 GUESSED vdw of HG11 in VAL A 166  =  1.80
 NON-STANDARD atom.|HG12| in residue> VAL A 166 
 GUESSED vdw of HG12 in VAL A 166  =  1.80
 NON-STANDARD atom.|HG13| in residue> VAL A 166 
 GUESSED vdw of HG13 in VAL A 166  =  1.80
 NON-STANDARD atom.|HG21| in residue> VAL A 166 
 GUESSED vdw of HG21 in VAL A 166  =  1.80
 NON-STANDARD atom.|HG22| in residue> VAL A 166 
 GUESSED vdw of HG22 in VAL A 166  =  1.80
 NON-STANDARD atom.|HG23| in residue> VAL A 166 
 GUESSED vdw of HG23 in VAL A 166  =  1.80
 NON-STANDARD atom.|HE21| in residue> GLN A 172 
 GUESSED vdw of HE21 in GLN A 172  =  1.80
 NON-STANDARD atom.|HE22| in residue> GLN A 172 
 GUESSED vdw of HE22 in GLN A 172  =  1.80
 NON-STANDARD atom.|HG21| in residue> THR A   6 
 GUESSED vdw of HG21 in THR A   6  =  1.80
 NON-STANDARD atom.|HG22| in residue> THR A   6 
 GUESSED vdw of HG22 in THR A   6  =  1.80
 NON-STANDARD atom.|HG23| in residue> THR A   6 
 GUESSED vdw of HG23 in THR A   6  =  1.80
 NON-STANDARD atom.|HG21| in residue> THR A   9 
 GUESSED vdw of HG21 in THR A   9  =  1.80
 NON-STANDARD atom.|HG22| in residue> THR A   9 
 GUESSED vdw of HG22 in THR A   9  =  1.80
 NON-STANDARD atom.|HG23| in residue> THR A   9 
 GUESSED vdw of HG23 in THR A   9  =  1.80
 NON-STANDARD atom.|HE21| in residue> GLN A  17 
 GUESSED vdw of HE21 in GLN A  17  =  1.80
 NON-STANDARD atom.|HE22| in residue> GLN A  17 
 GUESSED vdw of HE22 in GLN A  17  =  1.80
 NON-STANDARD atom.|HG21| in residue> THR A  21 
 GUESSED vdw of HG21 in THR A  21  =  1.80
 NON-STANDARD atom.|HG22| in residue> THR A  21 
 GUESSED vdw of HG22 in THR A  21  =  1.80
 NON-STANDARD atom.|HG23| in residue> THR A  21 
 GUESSED vdw of HG23 in THR A  21  =  1.80
 NON-STANDARD atom.|HG12| in residue> ILE A  24 
 GUESSED vdw of HG12 in ILE A  24  =  1.80
 NON-STANDARD atom.|HG13| in residue> ILE A  24 
 GUESSED vdw of HG13 in ILE A  24  =  1.80
 NON-STANDARD atom.|HG21| in residue> ILE A  24 
 GUESSED vdw of HG21 in ILE A  24  =  1.80
 NON-STANDARD atom.|HG22| in residue> ILE A  24 
 GUESSED vdw of HG22 in ILE A  24  =  1.80
 NON-STANDARD atom.|HG23| in residue> ILE A  24 
 GUESSED vdw of HG23 in ILE A  24  =  1.80
 NON-STANDARD atom.|HG21| in residue> THR A  30 
 GUESSED vdw of HG21 in THR A  30  =  1.80
 NON-STANDARD atom.|HG22| in residue> THR A  30 
 GUESSED vdw of HG22 in THR A  30  =  1.80
 NON-STANDARD atom.|HG23| in residue> THR A  30 
 GUESSED vdw of HG23 in THR A  30  =  1.80
 NON-STANDARD atom.|HE21| in residue> GLN A  34 
 GUESSED vdw of HE21 in GLN A  34  =  1.80
 NON-STANDARD atom.|HE22| in residue> GLN A  34 
 GUESSED vdw of HE22 in GLN A  34  =  1.80
 NON-STANDARD atom.|HE21| in residue> GLN A  44 
 GUESSED vdw of HE21 in GLN A  44  =  1.80
 NON-STANDARD atom.|HE22| in residue> GLN A  44 
 GUESSED vdw of HE22 in GLN A  44  =  1.80
 NON-STANDARD atom.|HG11| in residue> VAL A  45 
 GUESSED vdw of HG11 in VAL A  45  =  1.80
 NON-STANDARD atom.|HG12| in residue> VAL A  45 
 GUESSED vdw of HG12 in VAL A  45  =  1.80
 NON-STANDARD atom.|HG13| in residue> VAL A  45 
 GUESSED vdw of HG13 in VAL A  45  =  1.80
 NON-STANDARD atom.|HG21| in residue> VAL A  45 
 GUESSED vdw of HG21 in VAL A  45  =  1.80
 NON-STANDARD atom.|HG22| in residue> VAL A  45 
 GUESSED vdw of HG22 in VAL A  45  =  1.80
 NON-STANDARD atom.|HG23| in residue> VAL A  45 
 GUESSED vdw of HG23 in VAL A  45  =  1.80
 NON-STANDARD atom.|HG11| in residue> VAL A  49 
 GUESSED vdw of HG11 in VAL A  49  =  1.80
 NON-STANDARD atom.|HG12| in residue> VAL A  49 
 GUESSED vdw of HG12 in VAL A  49  =  1.80
 NON-STANDARD atom.|HG13| in residue> VAL A  49 
 GUESSED vdw of HG13 in VAL A  49  =  1.80
 NON-STANDARD atom.|HG21| in residue> VAL A  49 
 GUESSED vdw of HG21 in VAL A  49  =  1.80
 NON-STANDARD atom.|HG22| in residue> VAL A  49 
 GUESSED vdw of HG22 in VAL A  49  =  1.80
 NON-STANDARD atom.|HG23| in residue> VAL A  49 
 GUESSED vdw of HG23 in VAL A  49  =  1.80
 NON-STANDARD atom.|HG11| in residue> VAL A  67 
 GUESSED vdw of HG11 in VAL A  67  =  1.80
 NON-STANDARD atom.|HG12| in residue> VAL A  67 
 GUESSED vdw of HG12 in VAL A  67  =  1.80
 NON-STANDARD atom.|HG13| in residue> VAL A  67 
 GUESSED vdw of HG13 in VAL A  67  =  1.80
 NON-STANDARD atom.|HG21| in residue> VAL A  67 
 GUESSED vdw of HG21 in VAL A  67  =  1.80
 NON-STANDARD atom.|HG22| in residue> VAL A  67 
 GUESSED vdw of HG22 in VAL A  67  =  1.80
 NON-STANDARD atom.|HG23| in residue> VAL A  67 
 GUESSED vdw of HG23 in VAL A  67  =  1.80
 NON-STANDARD atom.|HE21| in residue> GLN A  75 
 GUESSED vdw of HE21 in GLN A  75  =  1.80
 NON-STANDARD atom.|HE22| in residue> GLN A  75 
 GUESSED vdw of HE22 in GLN A  75  =  1.80
 NON-STANDARD atom.|HG11| in residue> VAL A  77 
 GUESSED vdw of HG11 in VAL A  77  =  1.80
 NON-STANDARD atom.|HG12| in residue> VAL A  77 
 GUESSED vdw of HG12 in VAL A  77  =  1.80
 NON-STANDARD atom.|HG13| in residue> VAL A  77 
 GUESSED vdw of HG13 in VAL A  77  =  1.80
 NON-STANDARD atom.|HG21| in residue> VAL A  77 
 GUESSED vdw of HG21 in VAL A  77  =  1.80
 NON-STANDARD atom.|HG22| in residue> VAL A  77 
 GUESSED vdw of HG22 in VAL A  77  =  1.80
 NON-STANDARD atom.|HG23| in residue> VAL A  77 
 GUESSED vdw of HG23 in VAL A  77  =  1.80
 NON-STANDARD atom.|HE21| in residue> GLN A  78 
 GUESSED vdw of HE21 in GLN A  78  =  1.80
 NON-STANDARD atom.|HE22| in residue> GLN A  78 
 GUESSED vdw of HE22 in GLN A  78  =  1.80
 NON-STANDARD atom.|HG21| in residue> THR A  80 
 GUESSED vdw of HG21 in THR A  80  =  1.80
 NON-STANDARD atom.|HG22| in residue> THR A  80 
 GUESSED vdw of HG22 in THR A  80  =  1.80
 NON-STANDARD atom.|HG23| in residue> THR A  80 
 GUESSED vdw of HG23 in THR A  80  =  1.80
 NON-STANDARD atom.|HG12| in residue> ILE A  87 
 GUESSED vdw of HG12 in ILE A  87  =  1.80
 NON-STANDARD atom.|HG13| in residue> ILE A  87 
 GUESSED vdw of HG13 in ILE A  87  =  1.80
 NON-STANDARD atom.|HG21| in residue> ILE A  87 
 GUESSED vdw of HG21 in ILE A  87  =  1.80
 NON-STANDARD atom.|HG22| in residue> ILE A  87 
 GUESSED vdw of HG22 in ILE A  87  =  1.80
 NON-STANDARD atom.|HG23| in residue> ILE A  87 
 GUESSED vdw of HG23 in ILE A  87  =  1.80
 NON-STANDARD atom.|HG21| in residue> THR A  88 
 GUESSED vdw of HG21 in THR A  88  =  1.80
 NON-STANDARD atom.|HG22| in residue> THR A  88 
 GUESSED vdw of HG22 in THR A  88  =  1.80
 NON-STANDARD atom.|HG23| in residue> THR A  88 
 GUESSED vdw of HG23 in THR A  88  =  1.80
 NON-STANDARD atom.|HG12| in residue> ILE A  93 
 GUESSED vdw of HG12 in ILE A  93  =  1.80
 NON-STANDARD atom.|HG13| in residue> ILE A  93 
 GUESSED vdw of HG13 in ILE A  93  =  1.80
 NON-STANDARD atom.|HG21| in residue> ILE A  93 
 GUESSED vdw of HG21 in ILE A  93  =  1.80
 NON-STANDARD atom.|HG22| in residue> ILE A  93 
 GUESSED vdw of HG22 in ILE A  93  =  1.80
 NON-STANDARD atom.|HG23| in residue> ILE A  93 
 GUESSED vdw of HG23 in ILE A  93  =  1.80
 NON-STANDARD atom.|HG21| in residue> THR A  95 
 GUESSED vdw of HG21 in THR A  95  =  1.80
 NON-STANDARD atom.|HG22| in residue> THR A  95 
 GUESSED vdw of HG22 in THR A  95  =  1.80
 NON-STANDARD atom.|HG23| in residue> THR A  95 
 GUESSED vdw of HG23 in THR A  95  =  1.80
 NON-STANDARD atom.|HG11| in residue> VAL A 101 
 GUESSED vdw of HG11 in VAL A 101  =  1.80
 NON-STANDARD atom.|HG12| in residue> VAL A 101 
 GUESSED vdw of HG12 in VAL A 101  =  1.80
 NON-STANDARD atom.|HG13| in residue> VAL A 101 
 GUESSED vdw of HG13 in VAL A 101  =  1.80
 NON-STANDARD atom.|HG21| in residue> VAL A 101 
 GUESSED vdw of HG21 in VAL A 101  =  1.80
 NON-STANDARD atom.|HG22| in residue> VAL A 101 
 GUESSED vdw of HG22 in VAL A 101  =  1.80
 NON-STANDARD atom.|HG23| in residue> VAL A 101 
 GUESSED vdw of HG23 in VAL A 101  =  1.80
 NON-STANDARD atom.|HG21| in residue> THR A 106 
 GUESSED vdw of HG21 in THR A 106  =  1.80
 NON-STANDARD atom.|HG22| in residue> THR A 106 
 GUESSED vdw of HG22 in THR A 106  =  1.80
 NON-STANDARD atom.|HG23| in residue> THR A 106 
 GUESSED vdw of HG23 in THR A 106  =  1.80
 NON-STANDARD atom.|HG11| in residue> VAL A 110 
 GUESSED vdw of HG11 in VAL A 110  =  1.80
 NON-STANDARD atom.|HG12| in residue> VAL A 110 
 GUESSED vdw of HG12 in VAL A 110  =  1.80
 NON-STANDARD atom.|HG13| in residue> VAL A 110 
 GUESSED vdw of HG13 in VAL A 110  =  1.80
 NON-STANDARD atom.|HG21| in residue> VAL A 110 
 GUESSED vdw of HG21 in VAL A 110  =  1.80
 NON-STANDARD atom.|HG22| in residue> VAL A 110 
 GUESSED vdw of HG22 in VAL A 110  =  1.80
 NON-STANDARD atom.|HG23| in residue> VAL A 110 
 GUESSED vdw of HG23 in VAL A 110  =  1.80
 NON-STANDARD atom.|HG21| in residue> THR A 117 
 GUESSED vdw of HG21 in THR A 117  =  1.80
 NON-STANDARD atom.|HG22| in residue> THR A 117 
 GUESSED vdw of HG22 in THR A 117  =  1.80
 NON-STANDARD atom.|HG23| in residue> THR A 117 
 GUESSED vdw of HG23 in THR A 117  =  1.80
 NON-STANDARD atom.|HG11| in residue> VAL A 119 
 GUESSED vdw of HG11 in VAL A 119  =  1.80
 NON-STANDARD atom.|HG12| in residue> VAL A 119 
 GUESSED vdw of HG12 in VAL A 119  =  1.80
 NON-STANDARD atom.|HG13| in residue> VAL A 119 
 GUESSED vdw of HG13 in VAL A 119  =  1.80
 NON-STANDARD atom.|HG21| in residue> VAL A 119 
 GUESSED vdw of HG21 in VAL A 119  =  1.80
 NON-STANDARD atom.|HG22| in residue> VAL A 119 
 GUESSED vdw of HG22 in VAL A 119  =  1.80
 NON-STANDARD atom.|HG23| in residue> VAL A 119 
 GUESSED vdw of HG23 in VAL A 119  =  1.80
 NON-STANDARD atom.|HG11| in residue> VAL A 122 
 GUESSED vdw of HG11 in VAL A 122  =  1.80
 NON-STANDARD atom.|HG12| in residue> VAL A 122 
 GUESSED vdw of HG12 in VAL A 122  =  1.80
 NON-STANDARD atom.|HG13| in residue> VAL A 122 
 GUESSED vdw of HG13 in VAL A 122  =  1.80
 NON-STANDARD atom.|HG21| in residue> VAL A 122 
 GUESSED vdw of HG21 in VAL A 122  =  1.80
 NON-STANDARD atom.|HG22| in residue> VAL A 122 
 GUESSED vdw of HG22 in VAL A 122  =  1.80
 NON-STANDARD atom.|HG23| in residue> VAL A 122 
 GUESSED vdw of HG23 in VAL A 122  =  1.80
 NON-STANDARD atom.|HG11| in residue> VAL A 127 
 GUESSED vdw of HG11 in VAL A 127  =  1.80
 NON-STANDARD atom.|HG12| in residue> VAL A 127 
 GUESSED vdw of HG12 in VAL A 127  =  1.80
 NON-STANDARD atom.|HG13| in residue> VAL A 127 
 GUESSED vdw of HG13 in VAL A 127  =  1.80
 NON-STANDARD atom.|HG21| in residue> VAL A 127 
 GUESSED vdw of HG21 in VAL A 127  =  1.80
 NON-STANDARD atom.|HG22| in residue> VAL A 127 
 GUESSED vdw of HG22 in VAL A 127  =  1.80
 NON-STANDARD atom.|HG23| in residue> VAL A 127 
 GUESSED vdw of HG23 in VAL A 127  =  1.80
 NON-STANDARD atom.|HG12| in residue> ILE A 131 
 GUESSED vdw of HG12 in ILE A 131  =  1.80
 NON-STANDARD atom.|HG13| in residue> ILE A 131 
 GUESSED vdw of HG13 in ILE A 131  =  1.80
 NON-STANDARD atom.|HG21| in residue> ILE A 131 
 GUESSED vdw of HG21 in ILE A 131  =  1.80
 NON-STANDARD atom.|HG22| in residue> ILE A 131 
 GUESSED vdw of HG22 in ILE A 131  =  1.80
 NON-STANDARD atom.|HG23| in residue> ILE A 131 
 GUESSED vdw of HG23 in ILE A 131  =  1.80
 NON-STANDARD atom.|HG21| in residue> THR A 132 
 GUESSED vdw of HG21 in THR A 132  =  1.80
 NON-STANDARD atom.|HG22| in residue> THR A 132 
 GUESSED vdw of HG22 in THR A 132  =  1.80
 NON-STANDARD atom.|HG23| in residue> THR A 132 
 GUESSED vdw of HG23 in THR A 132  =  1.80
 NON-STANDARD atom.|HG12| in residue> ILE A 135 
 GUESSED vdw of HG12 in ILE A 135  =  1.80
 NON-STANDARD atom.|HG13| in residue> ILE A 135 
 GUESSED vdw of HG13 in ILE A 135  =  1.80
 NON-STANDARD atom.|HG21| in residue> ILE A 135 
 GUESSED vdw of HG21 in ILE A 135  =  1.80
 NON-STANDARD atom.|HG22| in residue> ILE A 135 
 GUESSED vdw of HG22 in ILE A 135  =  1.80
 NON-STANDARD atom.|HG23| in residue> ILE A 135 
 GUESSED vdw of HG23 in ILE A 135  =  1.80
 NON-STANDARD atom.|HG21| in residue> THR A 137 
 GUESSED vdw of HG21 in THR A 137  =  1.80
 NON-STANDARD atom.|HG22| in residue> THR A 137 
 GUESSED vdw of HG22 in THR A 137  =  1.80
 NON-STANDARD atom.|HG23| in residue> THR A 137 
 GUESSED vdw of HG23 in THR A 137  =  1.80
 NON-STANDARD atom.|HE21| in residue> GLN A 142 
 GUESSED vdw of HE21 in GLN A 142  =  1.80
 NON-STANDARD atom.|HE22| in residue> GLN A 142 
 GUESSED vdw of HE22 in GLN A 142  =  1.80
 NON-STANDARD atom.|HG21| in residue> THR A 144 
 GUESSED vdw of HG21 in THR A 144  =  1.80
 NON-STANDARD atom.|HG22| in residue> THR A 144 
 GUESSED vdw of HG22 in THR A 144  =  1.80
 NON-STANDARD atom.|HG23| in residue> THR A 144 
 GUESSED vdw of HG23 in THR A 144  =  1.80
 NON-STANDARD atom.|HG12| in residue> ILE A 147 
 GUESSED vdw of HG12 in ILE A 147  =  1.80
 NON-STANDARD atom.|HG13| in residue> ILE A 147 
 GUESSED vdw of HG13 in ILE A 147  =  1.80
 NON-STANDARD atom.|HG21| in residue> ILE A 147 
 GUESSED vdw of HG21 in ILE A 147  =  1.80
 NON-STANDARD atom.|HG22| in residue> ILE A 147 
 GUESSED vdw of HG22 in ILE A 147  =  1.80
 NON-STANDARD atom.|HG23| in residue> ILE A 147 
 GUESSED vdw of HG23 in ILE A 147  =  1.80
 NON-STANDARD atom.|HG21| in residue> THR A 152 
 GUESSED vdw of HG21 in THR A 152  =  1.80
 NON-STANDARD atom.|HG22| in residue> THR A 152 
 GUESSED vdw of HG22 in THR A 152  =  1.80
 NON-STANDARD atom.|HG23| in residue> THR A 152 
 GUESSED vdw of HG23 in THR A 152  =  1.80
 NON-STANDARD atom.|HG12| in residue> ILE A 153 
 GUESSED vdw of HG12 in ILE A 153  =  1.80
 NON-STANDARD atom.|HG13| in residue> ILE A 153 
 GUESSED vdw of HG13 in ILE A 153  =  1.80
 NON-STANDARD atom.|HG21| in residue> ILE A 153 
 GUESSED vdw of HG21 in ILE A 153  =  1.80
 NON-STANDARD atom.|HG22| in residue> ILE A 153 
 GUESSED vdw of HG22 in ILE A 153  =  1.80
 NON-STANDARD atom.|HG23| in residue> ILE A 153 
 GUESSED vdw of HG23 in ILE A 153  =  1.80
 NON-STANDARD atom.|HG21| in residue> THR A 155 
 GUESSED vdw of HG21 in THR A 155  =  1.80
 NON-STANDARD atom.|HG22| in residue> THR A 155 
 GUESSED vdw of HG22 in THR A 155  =  1.80
 NON-STANDARD atom.|HG23| in residue> THR A 155 
 GUESSED vdw of HG23 in THR A 155  =  1.80
 NON-STANDARD atom.|HG11| in residue> VAL A 166 
 GUESSED vdw of HG11 in VAL A 166  =  1.80
 NON-STANDARD atom.|HG12| in residue> VAL A 166 
 GUESSED vdw of HG12 in VAL A 166  =  1.80
 NON-STANDARD atom.|HG13| in residue> VAL A 166 
 GUESSED vdw of HG13 in VAL A 166  =  1.80
 NON-STANDARD atom.|HG21| in residue> VAL A 166 
 GUESSED vdw of HG21 in VAL A 166  =  1.80
 NON-STANDARD atom.|HG22| in residue> VAL A 166 
 GUESSED vdw of HG22 in VAL A 166  =  1.80
 NON-STANDARD atom.|HG23| in residue> VAL A 166 
 GUESSED vdw of HG23 in VAL A 166  =  1.80
 NON-STANDARD atom.|HE21| in residue> GLN A 172 
 GUESSED vdw of HE21 in GLN A 172  =  1.80
 NON-STANDARD atom.|HE22| in residue> GLN A 172 
 GUESSED vdw of HE22 in GLN A 172  =  1.80
 NON-STANDARD atom.|HG21| in residue> THR A   6 
 GUESSED vdw of HG21 in THR A   6  =  1.80
 NON-STANDARD atom.|HG22| in residue> THR A   6 
 GUESSED vdw of HG22 in THR A   6  =  1.80
 NON-STANDARD atom.|HG23| in residue> THR A   6 
 GUESSED vdw of HG23 in THR A   6  =  1.80
 NON-STANDARD atom.|HG21| in residue> THR A   9 
 GUESSED vdw of HG21 in THR A   9  =  1.80
 NON-STANDARD atom.|HG22| in residue> THR A   9 
 GUESSED vdw of HG22 in THR A   9  =  1.80
 NON-STANDARD atom.|HG23| in residue> THR A   9 
 GUESSED vdw of HG23 in THR A   9  =  1.80
 NON-STANDARD atom.|HE21| in residue> GLN A  17 
 GUESSED vdw of HE21 in GLN A  17  =  1.80
 NON-STANDARD atom.|HE22| in residue> GLN A  17 
 GUESSED vdw of HE22 in GLN A  17  =  1.80
 NON-STANDARD atom.|HG21| in residue> THR A  21 
 GUESSED vdw of HG21 in THR A  21  =  1.80
 NON-STANDARD atom.|HG22| in residue> THR A  21 
 GUESSED vdw of HG22 in THR A  21  =  1.80
 NON-STANDARD atom.|HG23| in residue> THR A  21 
 GUESSED vdw of HG23 in THR A  21  =  1.80
 NON-STANDARD atom.|HG12| in residue> ILE A  24 
 GUESSED vdw of HG12 in ILE A  24  =  1.80
 NON-STANDARD atom.|HG13| in residue> ILE A  24 
 GUESSED vdw of HG13 in ILE A  24  =  1.80
 NON-STANDARD atom.|HG21| in residue> ILE A  24 
 GUESSED vdw of HG21 in ILE A  24  =  1.80
 NON-STANDARD atom.|HG22| in residue> ILE A  24 
 GUESSED vdw of HG22 in ILE A  24  =  1.80
 NON-STANDARD atom.|HG23| in residue> ILE A  24 
 GUESSED vdw of HG23 in ILE A  24  =  1.80
 NON-STANDARD atom.|HG21| in residue> THR A  30 
 GUESSED vdw of HG21 in THR A  30  =  1.80
 NON-STANDARD atom.|HG22| in residue> THR A  30 
 GUESSED vdw of HG22 in THR A  30  =  1.80
 NON-STANDARD atom.|HG23| in residue> THR A  30 
 GUESSED vdw of HG23 in THR A  30  =  1.80
 NON-STANDARD atom.|HE21| in residue> GLN A  34 
 GUESSED vdw of HE21 in GLN A  34  =  1.80
 NON-STANDARD atom.|HE22| in residue> GLN A  34 
 GUESSED vdw of HE22 in GLN A  34  =  1.80
 NON-STANDARD atom.|HE21| in residue> GLN A  44 
 GUESSED vdw of HE21 in GLN A  44  =  1.80
 NON-STANDARD atom.|HE22| in residue> GLN A  44 
 GUESSED vdw of HE22 in GLN A  44  =  1.80
 NON-STANDARD atom.|HG11| in residue> VAL A  45 
 GUESSED vdw of HG11 in VAL A  45  =  1.80
 NON-STANDARD atom.|HG12| in residue> VAL A  45 
 GUESSED vdw of HG12 in VAL A  45  =  1.80
 NON-STANDARD atom.|HG13| in residue> VAL A  45 
 GUESSED vdw of HG13 in VAL A  45  =  1.80
 NON-STANDARD atom.|HG21| in residue> VAL A  45 
 GUESSED vdw of HG21 in VAL A  45  =  1.80
 NON-STANDARD atom.|HG22| in residue> VAL A  45 
 GUESSED vdw of HG22 in VAL A  45  =  1.80
 NON-STANDARD atom.|HG23| in residue> VAL A  45 
 GUESSED vdw of HG23 in VAL A  45  =  1.80
 NON-STANDARD atom.|HG11| in residue> VAL A  49 
 GUESSED vdw of HG11 in VAL A  49  =  1.80
 NON-STANDARD atom.|HG12| in residue> VAL A  49 
 GUESSED vdw of HG12 in VAL A  49  =  1.80
 NON-STANDARD atom.|HG13| in residue> VAL A  49 
 GUESSED vdw of HG13 in VAL A  49  =  1.80
 NON-STANDARD atom.|HG21| in residue> VAL A  49 
 GUESSED vdw of HG21 in VAL A  49  =  1.80
 NON-STANDARD atom.|HG22| in residue> VAL A  49 
 GUESSED vdw of HG22 in VAL A  49  =  1.80
 NON-STANDARD atom.|HG23| in residue> VAL A  49 
 GUESSED vdw of HG23 in VAL A  49  =  1.80
 NON-STANDARD atom.|HG11| in residue> VAL A  67 
 GUESSED vdw of HG11 in VAL A  67  =  1.80
 NON-STANDARD atom.|HG12| in residue> VAL A  67 
 GUESSED vdw of HG12 in VAL A  67  =  1.80
 NON-STANDARD atom.|HG13| in residue> VAL A  67 
 GUESSED vdw of HG13 in VAL A  67  =  1.80
 NON-STANDARD atom.|HG21| in residue> VAL A  67 
 GUESSED vdw of HG21 in VAL A  67  =  1.80
 NON-STANDARD atom.|HG22| in residue> VAL A  67 
 GUESSED vdw of HG22 in VAL A  67  =  1.80
 NON-STANDARD atom.|HG23| in residue> VAL A  67 
 GUESSED vdw of HG23 in VAL A  67  =  1.80
 NON-STANDARD atom.|HE21| in residue> GLN A  75 
 GUESSED vdw of HE21 in GLN A  75  =  1.80
 NON-STANDARD atom.|HE22| in residue> GLN A  75 
 GUESSED vdw of HE22 in GLN A  75  =  1.80
 NON-STANDARD atom.|HG11| in residue> VAL A  77 
 GUESSED vdw of HG11 in VAL A  77  =  1.80
 NON-STANDARD atom.|HG12| in residue> VAL A  77 
 GUESSED vdw of HG12 in VAL A  77  =  1.80
 NON-STANDARD atom.|HG13| in residue> VAL A  77 
 GUESSED vdw of HG13 in VAL A  77  =  1.80
 NON-STANDARD atom.|HG21| in residue> VAL A  77 
 GUESSED vdw of HG21 in VAL A  77  =  1.80
 NON-STANDARD atom.|HG22| in residue> VAL A  77 
 GUESSED vdw of HG22 in VAL A  77  =  1.80
 NON-STANDARD atom.|HG23| in residue> VAL A  77 
 GUESSED vdw of HG23 in VAL A  77  =  1.80
 NON-STANDARD atom.|HE21| in residue> GLN A  78 
 GUESSED vdw of HE21 in GLN A  78  =  1.80
 NON-STANDARD atom.|HE22| in residue> GLN A  78 
 GUESSED vdw of HE22 in GLN A  78  =  1.80
 NON-STANDARD atom.|HG21| in residue> THR A  80 
 GUESSED vdw of HG21 in THR A  80  =  1.80
 NON-STANDARD atom.|HG22| in residue> THR A  80 
 GUESSED vdw of HG22 in THR A  80  =  1.80
 NON-STANDARD atom.|HG23| in residue> THR A  80 
 GUESSED vdw of HG23 in THR A  80  =  1.80
 NON-STANDARD atom.|HG12| in residue> ILE A  87 
 GUESSED vdw of HG12 in ILE A  87  =  1.80
 NON-STANDARD atom.|HG13| in residue> ILE A  87 
 GUESSED vdw of HG13 in ILE A  87  =  1.80
 NON-STANDARD atom.|HG21| in residue> ILE A  87 
 GUESSED vdw of HG21 in ILE A  87  =  1.80
 NON-STANDARD atom.|HG22| in residue> ILE A  87 
 GUESSED vdw of HG22 in ILE A  87  =  1.80
 NON-STANDARD atom.|HG23| in residue> ILE A  87 
 GUESSED vdw of HG23 in ILE A  87  =  1.80
 NON-STANDARD atom.|HG21| in residue> THR A  88 
 GUESSED vdw of HG21 in THR A  88  =  1.80
 NON-STANDARD atom.|HG22| in residue> THR A  88 
 GUESSED vdw of HG22 in THR A  88  =  1.80
 NON-STANDARD atom.|HG23| in residue> THR A  88 
 GUESSED vdw of HG23 in THR A  88  =  1.80
 NON-STANDARD atom.|HG12| in residue> ILE A  93 
 GUESSED vdw of HG12 in ILE A  93  =  1.80
 NON-STANDARD atom.|HG13| in residue> ILE A  93 
 GUESSED vdw of HG13 in ILE A  93  =  1.80
 NON-STANDARD atom.|HG21| in residue> ILE A  93 
 GUESSED vdw of HG21 in ILE A  93  =  1.80
 NON-STANDARD atom.|HG22| in residue> ILE A  93 
 GUESSED vdw of HG22 in ILE A  93  =  1.80
 NON-STANDARD atom.|HG23| in residue> ILE A  93 
 GUESSED vdw of HG23 in ILE A  93  =  1.80
 NON-STANDARD atom.|HG21| in residue> THR A  95 
 GUESSED vdw of HG21 in THR A  95  =  1.80
 NON-STANDARD atom.|HG22| in residue> THR A  95 
 GUESSED vdw of HG22 in THR A  95  =  1.80
 NON-STANDARD atom.|HG23| in residue> THR A  95 
 GUESSED vdw of HG23 in THR A  95  =  1.80
 NON-STANDARD atom.|HG11| in residue> VAL A 101 
 GUESSED vdw of HG11 in VAL A 101  =  1.80
 NON-STANDARD atom.|HG12| in residue> VAL A 101 
 GUESSED vdw of HG12 in VAL A 101  =  1.80
 NON-STANDARD atom.|HG13| in residue> VAL A 101 
 GUESSED vdw of HG13 in VAL A 101  =  1.80
 NON-STANDARD atom.|HG21| in residue> VAL A 101 
 GUESSED vdw of HG21 in VAL A 101  =  1.80
 NON-STANDARD atom.|HG22| in residue> VAL A 101 
 GUESSED vdw of HG22 in VAL A 101  =  1.80
 NON-STANDARD atom.|HG23| in residue> VAL A 101 
 GUESSED vdw of HG23 in VAL A 101  =  1.80
 NON-STANDARD atom.|HG21| in residue> THR A 106 
 GUESSED vdw of HG21 in THR A 106  =  1.80
 NON-STANDARD atom.|HG22| in residue> THR A 106 
 GUESSED vdw of HG22 in THR A 106  =  1.80
 NON-STANDARD atom.|HG23| in residue> THR A 106 
 GUESSED vdw of HG23 in THR A 106  =  1.80
 NON-STANDARD atom.|HG11| in residue> VAL A 110 
 GUESSED vdw of HG11 in VAL A 110  =  1.80
 NON-STANDARD atom.|HG12| in residue> VAL A 110 
 GUESSED vdw of HG12 in VAL A 110  =  1.80
 NON-STANDARD atom.|HG13| in residue> VAL A 110 
 GUESSED vdw of HG13 in VAL A 110  =  1.80
 NON-STANDARD atom.|HG21| in residue> VAL A 110 
 GUESSED vdw of HG21 in VAL A 110  =  1.80
 NON-STANDARD atom.|HG22| in residue> VAL A 110 
 GUESSED vdw of HG22 in VAL A 110  =  1.80
 NON-STANDARD atom.|HG23| in residue> VAL A 110 
 GUESSED vdw of HG23 in VAL A 110  =  1.80
 NON-STANDARD atom.|HG21| in residue> THR A 117 
 GUESSED vdw of HG21 in THR A 117  =  1.80
 NON-STANDARD atom.|HG22| in residue> THR A 117 
 GUESSED vdw of HG22 in THR A 117  =  1.80
 NON-STANDARD atom.|HG23| in residue> THR A 117 
 GUESSED vdw of HG23 in THR A 117  =  1.80
 NON-STANDARD atom.|HG11| in residue> VAL A 119 
 GUESSED vdw of HG11 in VAL A 119  =  1.80
 NON-STANDARD atom.|HG12| in residue> VAL A 119 
 GUESSED vdw of HG12 in VAL A 119  =  1.80
 NON-STANDARD atom.|HG13| in residue> VAL A 119 
 GUESSED vdw of HG13 in VAL A 119  =  1.80
 NON-STANDARD atom.|HG21| in residue> VAL A 119 
 GUESSED vdw of HG21 in VAL A 119  =  1.80
 NON-STANDARD atom.|HG22| in residue> VAL A 119 
 GUESSED vdw of HG22 in VAL A 119  =  1.80
 NON-STANDARD atom.|HG23| in residue> VAL A 119 
 GUESSED vdw of HG23 in VAL A 119  =  1.80
 NON-STANDARD atom.|HG11| in residue> VAL A 122 
 GUESSED vdw of HG11 in VAL A 122  =  1.80
 NON-STANDARD atom.|HG12| in residue> VAL A 122 
 GUESSED vdw of HG12 in VAL A 122  =  1.80
 NON-STANDARD atom.|HG13| in residue> VAL A 122 
 GUESSED vdw of HG13 in VAL A 122  =  1.80
 NON-STANDARD atom.|HG21| in residue> VAL A 122 
 GUESSED vdw of HG21 in VAL A 122  =  1.80
 NON-STANDARD atom.|HG22| in residue> VAL A 122 
 GUESSED vdw of HG22 in VAL A 122  =  1.80
 NON-STANDARD atom.|HG23| in residue> VAL A 122 
 GUESSED vdw of HG23 in VAL A 122  =  1.80
 NON-STANDARD atom.|HG11| in residue> VAL A 127 
 GUESSED vdw of HG11 in VAL A 127  =  1.80
 NON-STANDARD atom.|HG12| in residue> VAL A 127 
 GUESSED vdw of HG12 in VAL A 127  =  1.80
 NON-STANDARD atom.|HG13| in residue> VAL A 127 
 GUESSED vdw of HG13 in VAL A 127  =  1.80
 NON-STANDARD atom.|HG21| in residue> VAL A 127 
 GUESSED vdw of HG21 in VAL A 127  =  1.80
 NON-STANDARD atom.|HG22| in residue> VAL A 127 
 GUESSED vdw of HG22 in VAL A 127  =  1.80
 NON-STANDARD atom.|HG23| in residue> VAL A 127 
 GUESSED vdw of HG23 in VAL A 127  =  1.80
 NON-STANDARD atom.|HG12| in residue> ILE A 131 
 GUESSED vdw of HG12 in ILE A 131  =  1.80
 NON-STANDARD atom.|HG13| in residue> ILE A 131 
 GUESSED vdw of HG13 in ILE A 131  =  1.80
 NON-STANDARD atom.|HG21| in residue> ILE A 131 
 GUESSED vdw of HG21 in ILE A 131  =  1.80
 NON-STANDARD atom.|HG22| in residue> ILE A 131 
 GUESSED vdw of HG22 in ILE A 131  =  1.80
 NON-STANDARD atom.|HG23| in residue> ILE A 131 
 GUESSED vdw of HG23 in ILE A 131  =  1.80
 NON-STANDARD atom.|HG21| in residue> THR A 132 
 GUESSED vdw of HG21 in THR A 132  =  1.80
 NON-STANDARD atom.|HG22| in residue> THR A 132 
 GUESSED vdw of HG22 in THR A 132  =  1.80
 NON-STANDARD atom.|HG23| in residue> THR A 132 
 GUESSED vdw of HG23 in THR A 132  =  1.80
 NON-STANDARD atom.|HG12| in residue> ILE A 135 
 GUESSED vdw of HG12 in ILE A 135  =  1.80
 NON-STANDARD atom.|HG13| in residue> ILE A 135 
 GUESSED vdw of HG13 in ILE A 135  =  1.80
 NON-STANDARD atom.|HG21| in residue> ILE A 135 
 GUESSED vdw of HG21 in ILE A 135  =  1.80
 NON-STANDARD atom.|HG22| in residue> ILE A 135 
 GUESSED vdw of HG22 in ILE A 135  =  1.80
 NON-STANDARD atom.|HG23| in residue> ILE A 135 
 GUESSED vdw of HG23 in ILE A 135  =  1.80
 NON-STANDARD atom.|HG21| in residue> THR A 137 
 GUESSED vdw of HG21 in THR A 137  =  1.80
 NON-STANDARD atom.|HG22| in residue> THR A 137 
 GUESSED vdw of HG22 in THR A 137  =  1.80
 NON-STANDARD atom.|HG23| in residue> THR A 137 
 GUESSED vdw of HG23 in THR A 137  =  1.80
 NON-STANDARD atom.|HE21| in residue> GLN A 142 
 GUESSED vdw of HE21 in GLN A 142  =  1.80
 NON-STANDARD atom.|HE22| in residue> GLN A 142 
 GUESSED vdw of HE22 in GLN A 142  =  1.80
 NON-STANDARD atom.|HG21| in residue> THR A 144 
 GUESSED vdw of HG21 in THR A 144  =  1.80
 NON-STANDARD atom.|HG22| in residue> THR A 144 
 GUESSED vdw of HG22 in THR A 144  =  1.80
 NON-STANDARD atom.|HG23| in residue> THR A 144 
 GUESSED vdw of HG23 in THR A 144  =  1.80
 NON-STANDARD atom.|HG12| in residue> ILE A 147 
 GUESSED vdw of HG12 in ILE A 147  =  1.80
 NON-STANDARD atom.|HG13| in residue> ILE A 147 
 GUESSED vdw of HG13 in ILE A 147  =  1.80
 NON-STANDARD atom.|HG21| in residue> ILE A 147 
 GUESSED vdw of HG21 in ILE A 147  =  1.80
 NON-STANDARD atom.|HG22| in residue> ILE A 147 
 GUESSED vdw of HG22 in ILE A 147  =  1.80
 NON-STANDARD atom.|HG23| in residue> ILE A 147 
 GUESSED vdw of HG23 in ILE A 147  =  1.80
 NON-STANDARD atom.|HG21| in residue> THR A 152 
 GUESSED vdw of HG21 in THR A 152  =  1.80
 NON-STANDARD atom.|HG22| in residue> THR A 152 
 GUESSED vdw of HG22 in THR A 152  =  1.80
 NON-STANDARD atom.|HG23| in residue> THR A 152 
 GUESSED vdw of HG23 in THR A 152  =  1.80
 NON-STANDARD atom.|HG12| in residue> ILE A 153 
 GUESSED vdw of HG12 in ILE A 153  =  1.80
 NON-STANDARD atom.|HG13| in residue> ILE A 153 
 GUESSED vdw of HG13 in ILE A 153  =  1.80
 NON-STANDARD atom.|HG21| in residue> ILE A 153 
 GUESSED vdw of HG21 in ILE A 153  =  1.80
 NON-STANDARD atom.|HG22| in residue> ILE A 153 
 GUESSED vdw of HG22 in ILE A 153  =  1.80
 NON-STANDARD atom.|HG23| in residue> ILE A 153 
 GUESSED vdw of HG23 in ILE A 153  =  1.80
 NON-STANDARD atom.|HG21| in residue> THR A 155 
 GUESSED vdw of HG21 in THR A 155  =  1.80
 NON-STANDARD atom.|HG22| in residue> THR A 155 
 GUESSED vdw of HG22 in THR A 155  =  1.80
 NON-STANDARD atom.|HG23| in residue> THR A 155 
 GUESSED vdw of HG23 in THR A 155  =  1.80
 NON-STANDARD atom.|HG11| in residue> VAL A 166 
 GUESSED vdw of HG11 in VAL A 166  =  1.80
 NON-STANDARD atom.|HG12| in residue> VAL A 166 
 GUESSED vdw of HG12 in VAL A 166  =  1.80
 NON-STANDARD atom.|HG13| in residue> VAL A 166 
 GUESSED vdw of HG13 in VAL A 166  =  1.80
 NON-STANDARD atom.|HG21| in residue> VAL A 166 
 GUESSED vdw of HG21 in VAL A 166  =  1.80
 NON-STANDARD atom.|HG22| in residue> VAL A 166 
 GUESSED vdw of HG22 in VAL A 166  =  1.80
 NON-STANDARD atom.|HG23| in residue> VAL A 166 
 GUESSED vdw of HG23 in VAL A 166  =  1.80
 NON-STANDARD atom.|HE21| in residue> GLN A 172 
 GUESSED vdw of HE21 in GLN A 172  =  1.80
 NON-STANDARD atom.|HE22| in residue> GLN A 172 
 GUESSED vdw of HE22 in GLN A 172  =  1.80
 NON-STANDARD atom.|HG21| in residue> THR A   6 
 GUESSED vdw of HG21 in THR A   6  =  1.80
 NON-STANDARD atom.|HG22| in residue> THR A   6 
 GUESSED vdw of HG22 in THR A   6  =  1.80
 NON-STANDARD atom.|HG23| in residue> THR A   6 
 GUESSED vdw of HG23 in THR A   6  =  1.80
 NON-STANDARD atom.|HG21| in residue> THR A   9 
 GUESSED vdw of HG21 in THR A   9  =  1.80
 NON-STANDARD atom.|HG22| in residue> THR A   9 
 GUESSED vdw of HG22 in THR A   9  =  1.80
 NON-STANDARD atom.|HG23| in residue> THR A   9 
 GUESSED vdw of HG23 in THR A   9  =  1.80
 NON-STANDARD atom.|HE21| in residue> GLN A  17 
 GUESSED vdw of HE21 in GLN A  17  =  1.80
 NON-STANDARD atom.|HE22| in residue> GLN A  17 
 GUESSED vdw of HE22 in GLN A  17  =  1.80
 NON-STANDARD atom.|HG21| in residue> THR A  21 
 GUESSED vdw of HG21 in THR A  21  =  1.80
 NON-STANDARD atom.|HG22| in residue> THR A  21 
 GUESSED vdw of HG22 in THR A  21  =  1.80
 NON-STANDARD atom.|HG23| in residue> THR A  21 
 GUESSED vdw of HG23 in THR A  21  =  1.80
 NON-STANDARD atom.|HG12| in residue> ILE A  24 
 GUESSED vdw of HG12 in ILE A  24  =  1.80
 NON-STANDARD atom.|HG13| in residue> ILE A  24 
 GUESSED vdw of HG13 in ILE A  24  =  1.80
 NON-STANDARD atom.|HG21| in residue> ILE A  24 
 GUESSED vdw of HG21 in ILE A  24  =  1.80
 NON-STANDARD atom.|HG22| in residue> ILE A  24 
 GUESSED vdw of HG22 in ILE A  24  =  1.80
 NON-STANDARD atom.|HG23| in residue> ILE A  24 
 GUESSED vdw of HG23 in ILE A  24  =  1.80
 NON-STANDARD atom.|HG21| in residue> THR A  30 
 GUESSED vdw of HG21 in THR A  30  =  1.80
 NON-STANDARD atom.|HG22| in residue> THR A  30 
 GUESSED vdw of HG22 in THR A  30  =  1.80
 NON-STANDARD atom.|HG23| in residue> THR A  30 
 GUESSED vdw of HG23 in THR A  30  =  1.80
 NON-STANDARD atom.|HE21| in residue> GLN A  34 
 GUESSED vdw of HE21 in GLN A  34  =  1.80
 NON-STANDARD atom.|HE22| in residue> GLN A  34 
 GUESSED vdw of HE22 in GLN A  34  =  1.80
 NON-STANDARD atom.|HE21| in residue> GLN A  44 
 GUESSED vdw of HE21 in GLN A  44  =  1.80
 NON-STANDARD atom.|HE22| in residue> GLN A  44 
 GUESSED vdw of HE22 in GLN A  44  =  1.80
 NON-STANDARD atom.|HG11| in residue> VAL A  45 
 GUESSED vdw of HG11 in VAL A  45  =  1.80
 NON-STANDARD atom.|HG12| in residue> VAL A  45 
 GUESSED vdw of HG12 in VAL A  45  =  1.80
 NON-STANDARD atom.|HG13| in residue> VAL A  45 
 GUESSED vdw of HG13 in VAL A  45  =  1.80
 NON-STANDARD atom.|HG21| in residue> VAL A  45 
 GUESSED vdw of HG21 in VAL A  45  =  1.80
 NON-STANDARD atom.|HG22| in residue> VAL A  45 
 GUESSED vdw of HG22 in VAL A  45  =  1.80
 NON-STANDARD atom.|HG23| in residue> VAL A  45 
 GUESSED vdw of HG23 in VAL A  45  =  1.80
 NON-STANDARD atom.|HG11| in residue> VAL A  49 
 GUESSED vdw of HG11 in VAL A  49  =  1.80
 NON-STANDARD atom.|HG12| in residue> VAL A  49 
 GUESSED vdw of HG12 in VAL A  49  =  1.80
 NON-STANDARD atom.|HG13| in residue> VAL A  49 
 GUESSED vdw of HG13 in VAL A  49  =  1.80
 NON-STANDARD atom.|HG21| in residue> VAL A  49 
 GUESSED vdw of HG21 in VAL A  49  =  1.80
 NON-STANDARD atom.|HG22| in residue> VAL A  49 
 GUESSED vdw of HG22 in VAL A  49  =  1.80
 NON-STANDARD atom.|HG23| in residue> VAL A  49 
 GUESSED vdw of HG23 in VAL A  49  =  1.80
 NON-STANDARD atom.|HG11| in residue> VAL A  67 
 GUESSED vdw of HG11 in VAL A  67  =  1.80
 NON-STANDARD atom.|HG12| in residue> VAL A  67 
 GUESSED vdw of HG12 in VAL A  67  =  1.80
 NON-STANDARD atom.|HG13| in residue> VAL A  67 
 GUESSED vdw of HG13 in VAL A  67  =  1.80
 NON-STANDARD atom.|HG21| in residue> VAL A  67 
 GUESSED vdw of HG21 in VAL A  67  =  1.80
 NON-STANDARD atom.|HG22| in residue> VAL A  67 
 GUESSED vdw of HG22 in VAL A  67  =  1.80
 NON-STANDARD atom.|HG23| in residue> VAL A  67 
 GUESSED vdw of HG23 in VAL A  67  =  1.80
 NON-STANDARD atom.|HE21| in residue> GLN A  75 
 GUESSED vdw of HE21 in GLN A  75  =  1.80
 NON-STANDARD atom.|HE22| in residue> GLN A  75 
 GUESSED vdw of HE22 in GLN A  75  =  1.80
 NON-STANDARD atom.|HG11| in residue> VAL A  77 
 GUESSED vdw of HG11 in VAL A  77  =  1.80
 NON-STANDARD atom.|HG12| in residue> VAL A  77 
 GUESSED vdw of HG12 in VAL A  77  =  1.80
 NON-STANDARD atom.|HG13| in residue> VAL A  77 
 GUESSED vdw of HG13 in VAL A  77  =  1.80
 NON-STANDARD atom.|HG21| in residue> VAL A  77 
 GUESSED vdw of HG21 in VAL A  77  =  1.80
 NON-STANDARD atom.|HG22| in residue> VAL A  77 
 GUESSED vdw of HG22 in VAL A  77  =  1.80
 NON-STANDARD atom.|HG23| in residue> VAL A  77 
 GUESSED vdw of HG23 in VAL A  77  =  1.80
 NON-STANDARD atom.|HE21| in residue> GLN A  78 
 GUESSED vdw of HE21 in GLN A  78  =  1.80
 NON-STANDARD atom.|HE22| in residue> GLN A  78 
 GUESSED vdw of HE22 in GLN A  78  =  1.80
 NON-STANDARD atom.|HG21| in residue> THR A  80 
 GUESSED vdw of HG21 in THR A  80  =  1.80
 NON-STANDARD atom.|HG22| in residue> THR A  80 
 GUESSED vdw of HG22 in THR A  80  =  1.80
 NON-STANDARD atom.|HG23| in residue> THR A  80 
 GUESSED vdw of HG23 in THR A  80  =  1.80
 NON-STANDARD atom.|HG12| in residue> ILE A  87 
 GUESSED vdw of HG12 in ILE A  87  =  1.80
 NON-STANDARD atom.|HG13| in residue> ILE A  87 
 GUESSED vdw of HG13 in ILE A  87  =  1.80
 NON-STANDARD atom.|HG21| in residue> ILE A  87 
 GUESSED vdw of HG21 in ILE A  87  =  1.80
 NON-STANDARD atom.|HG22| in residue> ILE A  87 
 GUESSED vdw of HG22 in ILE A  87  =  1.80
 NON-STANDARD atom.|HG23| in residue> ILE A  87 
 GUESSED vdw of HG23 in ILE A  87  =  1.80
 NON-STANDARD atom.|HG21| in residue> THR A  88 
 GUESSED vdw of HG21 in THR A  88  =  1.80
 NON-STANDARD atom.|HG22| in residue> THR A  88 
 GUESSED vdw of HG22 in THR A  88  =  1.80
 NON-STANDARD atom.|HG23| in residue> THR A  88 
 GUESSED vdw of HG23 in THR A  88  =  1.80
 NON-STANDARD atom.|HG12| in residue> ILE A  93 
 GUESSED vdw of HG12 in ILE A  93  =  1.80
 NON-STANDARD atom.|HG13| in residue> ILE A  93 
 GUESSED vdw of HG13 in ILE A  93  =  1.80
 NON-STANDARD atom.|HG21| in residue> ILE A  93 
 GUESSED vdw of HG21 in ILE A  93  =  1.80
 NON-STANDARD atom.|HG22| in residue> ILE A  93 
 GUESSED vdw of HG22 in ILE A  93  =  1.80
 NON-STANDARD atom.|HG23| in residue> ILE A  93 
 GUESSED vdw of HG23 in ILE A  93  =  1.80
 NON-STANDARD atom.|HG21| in residue> THR A  95 
 GUESSED vdw of HG21 in THR A  95  =  1.80
 NON-STANDARD atom.|HG22| in residue> THR A  95 
 GUESSED vdw of HG22 in THR A  95  =  1.80
 NON-STANDARD atom.|HG23| in residue> THR A  95 
 GUESSED vdw of HG23 in THR A  95  =  1.80
 NON-STANDARD atom.|HG11| in residue> VAL A 101 
 GUESSED vdw of HG11 in VAL A 101  =  1.80
 NON-STANDARD atom.|HG12| in residue> VAL A 101 
 GUESSED vdw of HG12 in VAL A 101  =  1.80
 NON-STANDARD atom.|HG13| in residue> VAL A 101 
 GUESSED vdw of HG13 in VAL A 101  =  1.80
 NON-STANDARD atom.|HG21| in residue> VAL A 101 
 GUESSED vdw of HG21 in VAL A 101  =  1.80
 NON-STANDARD atom.|HG22| in residue> VAL A 101 
 GUESSED vdw of HG22 in VAL A 101  =  1.80
 NON-STANDARD atom.|HG23| in residue> VAL A 101 
 GUESSED vdw of HG23 in VAL A 101  =  1.80
 NON-STANDARD atom.|HG21| in residue> THR A 106 
 GUESSED vdw of HG21 in THR A 106  =  1.80
 NON-STANDARD atom.|HG22| in residue> THR A 106 
 GUESSED vdw of HG22 in THR A 106  =  1.80
 NON-STANDARD atom.|HG23| in residue> THR A 106 
 GUESSED vdw of HG23 in THR A 106  =  1.80
 NON-STANDARD atom.|HG11| in residue> VAL A 110 
 GUESSED vdw of HG11 in VAL A 110  =  1.80
 NON-STANDARD atom.|HG12| in residue> VAL A 110 
 GUESSED vdw of HG12 in VAL A 110  =  1.80
 NON-STANDARD atom.|HG13| in residue> VAL A 110 
 GUESSED vdw of HG13 in VAL A 110  =  1.80
 NON-STANDARD atom.|HG21| in residue> VAL A 110 
 GUESSED vdw of HG21 in VAL A 110  =  1.80
 NON-STANDARD atom.|HG22| in residue> VAL A 110 
 GUESSED vdw of HG22 in VAL A 110  =  1.80
 NON-STANDARD atom.|HG23| in residue> VAL A 110 
 GUESSED vdw of HG23 in VAL A 110  =  1.80
 NON-STANDARD atom.|HG21| in residue> THR A 117 
 GUESSED vdw of HG21 in THR A 117  =  1.80
 NON-STANDARD atom.|HG22| in residue> THR A 117 
 GUESSED vdw of HG22 in THR A 117  =  1.80
 NON-STANDARD atom.|HG23| in residue> THR A 117 
 GUESSED vdw of HG23 in THR A 117  =  1.80
 NON-STANDARD atom.|HG11| in residue> VAL A 119 
 GUESSED vdw of HG11 in VAL A 119  =  1.80
 NON-STANDARD atom.|HG12| in residue> VAL A 119 
 GUESSED vdw of HG12 in VAL A 119  =  1.80
 NON-STANDARD atom.|HG13| in residue> VAL A 119 
 GUESSED vdw of HG13 in VAL A 119  =  1.80
 NON-STANDARD atom.|HG21| in residue> VAL A 119 
 GUESSED vdw of HG21 in VAL A 119  =  1.80
 NON-STANDARD atom.|HG22| in residue> VAL A 119 
 GUESSED vdw of HG22 in VAL A 119  =  1.80
 NON-STANDARD atom.|HG23| in residue> VAL A 119 
 GUESSED vdw of HG23 in VAL A 119  =  1.80
 NON-STANDARD atom.|HG11| in residue> VAL A 122 
 GUESSED vdw of HG11 in VAL A 122  =  1.80
 NON-STANDARD atom.|HG12| in residue> VAL A 122 
 GUESSED vdw of HG12 in VAL A 122  =  1.80
 NON-STANDARD atom.|HG13| in residue> VAL A 122 
 GUESSED vdw of HG13 in VAL A 122  =  1.80
 NON-STANDARD atom.|HG21| in residue> VAL A 122 
 GUESSED vdw of HG21 in VAL A 122  =  1.80
 NON-STANDARD atom.|HG22| in residue> VAL A 122 
 GUESSED vdw of HG22 in VAL A 122  =  1.80
 NON-STANDARD atom.|HG23| in residue> VAL A 122 
 GUESSED vdw of HG23 in VAL A 122  =  1.80
 NON-STANDARD atom.|HG11| in residue> VAL A 127 
 GUESSED vdw of HG11 in VAL A 127  =  1.80
 NON-STANDARD atom.|HG12| in residue> VAL A 127 
 GUESSED vdw of HG12 in VAL A 127  =  1.80
 NON-STANDARD atom.|HG13| in residue> VAL A 127 
 GUESSED vdw of HG13 in VAL A 127  =  1.80
 NON-STANDARD atom.|HG21| in residue> VAL A 127 
 GUESSED vdw of HG21 in VAL A 127  =  1.80
 NON-STANDARD atom.|HG22| in residue> VAL A 127 
 GUESSED vdw of HG22 in VAL A 127  =  1.80
 NON-STANDARD atom.|HG23| in residue> VAL A 127 
 GUESSED vdw of HG23 in VAL A 127  =  1.80
 NON-STANDARD atom.|HG12| in residue> ILE A 131 
 GUESSED vdw of HG12 in ILE A 131  =  1.80
 NON-STANDARD atom.|HG13| in residue> ILE A 131 
 GUESSED vdw of HG13 in ILE A 131  =  1.80
 NON-STANDARD atom.|HG21| in residue> ILE A 131 
 GUESSED vdw of HG21 in ILE A 131  =  1.80
 NON-STANDARD atom.|HG22| in residue> ILE A 131 
 GUESSED vdw of HG22 in ILE A 131  =  1.80
 NON-STANDARD atom.|HG23| in residue> ILE A 131 
 GUESSED vdw of HG23 in ILE A 131  =  1.80
 NON-STANDARD atom.|HG21| in residue> THR A 132 
 GUESSED vdw of HG21 in THR A 132  =  1.80
 NON-STANDARD atom.|HG22| in residue> THR A 132 
 GUESSED vdw of HG22 in THR A 132  =  1.80
 NON-STANDARD atom.|HG23| in residue> THR A 132 
 GUESSED vdw of HG23 in THR A 132  =  1.80
 NON-STANDARD atom.|HG12| in residue> ILE A 135 
 GUESSED vdw of HG12 in ILE A 135  =  1.80
 NON-STANDARD atom.|HG13| in residue> ILE A 135 
 GUESSED vdw of HG13 in ILE A 135  =  1.80
 NON-STANDARD atom.|HG21| in residue> ILE A 135 
 GUESSED vdw of HG21 in ILE A 135  =  1.80
 NON-STANDARD atom.|HG22| in residue> ILE A 135 
 GUESSED vdw of HG22 in ILE A 135  =  1.80
 NON-STANDARD atom.|HG23| in residue> ILE A 135 
 GUESSED vdw of HG23 in ILE A 135  =  1.80
 NON-STANDARD atom.|HG21| in residue> THR A 137 
 GUESSED vdw of HG21 in THR A 137  =  1.80
 NON-STANDARD atom.|HG22| in residue> THR A 137 
 GUESSED vdw of HG22 in THR A 137  =  1.80
 NON-STANDARD atom.|HG23| in residue> THR A 137 
 GUESSED vdw of HG23 in THR A 137  =  1.80
 NON-STANDARD atom.|HE21| in residue> GLN A 142 
 GUESSED vdw of HE21 in GLN A 142  =  1.80
 NON-STANDARD atom.|HE22| in residue> GLN A 142 
 GUESSED vdw of HE22 in GLN A 142  =  1.80
 NON-STANDARD atom.|HG21| in residue> THR A 144 
 GUESSED vdw of HG21 in THR A 144  =  1.80
 NON-STANDARD atom.|HG22| in residue> THR A 144 
 GUESSED vdw of HG22 in THR A 144  =  1.80
 NON-STANDARD atom.|HG23| in residue> THR A 144 
 GUESSED vdw of HG23 in THR A 144  =  1.80
 NON-STANDARD atom.|HG12| in residue> ILE A 147 
 GUESSED vdw of HG12 in ILE A 147  =  1.80
 NON-STANDARD atom.|HG13| in residue> ILE A 147 
 GUESSED vdw of HG13 in ILE A 147  =  1.80
 NON-STANDARD atom.|HG21| in residue> ILE A 147 
 GUESSED vdw of HG21 in ILE A 147  =  1.80
 NON-STANDARD atom.|HG22| in residue> ILE A 147 
 GUESSED vdw of HG22 in ILE A 147  =  1.80
 NON-STANDARD atom.|HG23| in residue> ILE A 147 
 GUESSED vdw of HG23 in ILE A 147  =  1.80
 NON-STANDARD atom.|HG21| in residue> THR A 152 
 GUESSED vdw of HG21 in THR A 152  =  1.80
 NON-STANDARD atom.|HG22| in residue> THR A 152 
 GUESSED vdw of HG22 in THR A 152  =  1.80
 NON-STANDARD atom.|HG23| in residue> THR A 152 
 GUESSED vdw of HG23 in THR A 152  =  1.80
 NON-STANDARD atom.|HG12| in residue> ILE A 153 
 GUESSED vdw of HG12 in ILE A 153  =  1.80
 NON-STANDARD atom.|HG13| in residue> ILE A 153 
 GUESSED vdw of HG13 in ILE A 153  =  1.80
 NON-STANDARD atom.|HG21| in residue> ILE A 153 
 GUESSED vdw of HG21 in ILE A 153  =  1.80
 NON-STANDARD atom.|HG22| in residue> ILE A 153 
 GUESSED vdw of HG22 in ILE A 153  =  1.80
 NON-STANDARD atom.|HG23| in residue> ILE A 153 
 GUESSED vdw of HG23 in ILE A 153  =  1.80
 NON-STANDARD atom.|HG21| in residue> THR A 155 
 GUESSED vdw of HG21 in THR A 155  =  1.80
 NON-STANDARD atom.|HG22| in residue> THR A 155 
 GUESSED vdw of HG22 in THR A 155  =  1.80
 NON-STANDARD atom.|HG23| in residue> THR A 155 
 GUESSED vdw of HG23 in THR A 155  =  1.80
 NON-STANDARD atom.|HG11| in residue> VAL A 166 
 GUESSED vdw of HG11 in VAL A 166  =  1.80
 NON-STANDARD atom.|HG12| in residue> VAL A 166 
 GUESSED vdw of HG12 in VAL A 166  =  1.80
 NON-STANDARD atom.|HG13| in residue> VAL A 166 
 GUESSED vdw of HG13 in VAL A 166  =  1.80
 NON-STANDARD atom.|HG21| in residue> VAL A 166 
 GUESSED vdw of HG21 in VAL A 166  =  1.80
 NON-STANDARD atom.|HG22| in residue> VAL A 166 
 GUESSED vdw of HG22 in VAL A 166  =  1.80
 NON-STANDARD atom.|HG23| in residue> VAL A 166 
 GUESSED vdw of HG23 in VAL A 166  =  1.80
 NON-STANDARD atom.|HE21| in residue> GLN A 172 
 GUESSED vdw of HE21 in GLN A 172  =  1.80
 NON-STANDARD atom.|HE22| in residue> GLN A 172 
 GUESSED vdw of HE22 in GLN A 172  =  1.80
 NON-STANDARD atom.|HG21| in residue> THR A   6 
 GUESSED vdw of HG21 in THR A   6  =  1.80
 NON-STANDARD atom.|HG22| in residue> THR A   6 
 GUESSED vdw of HG22 in THR A   6  =  1.80
 NON-STANDARD atom.|HG23| in residue> THR A   6 
 GUESSED vdw of HG23 in THR A   6  =  1.80
 NON-STANDARD atom.|HG21| in residue> THR A   9 
 GUESSED vdw of HG21 in THR A   9  =  1.80
 NON-STANDARD atom.|HG22| in residue> THR A   9 
 GUESSED vdw of HG22 in THR A   9  =  1.80
 NON-STANDARD atom.|HG23| in residue> THR A   9 
 GUESSED vdw of HG23 in THR A   9  =  1.80
 NON-STANDARD atom.|HE21| in residue> GLN A  17 
 GUESSED vdw of HE21 in GLN A  17  =  1.80
 NON-STANDARD atom.|HE22| in residue> GLN A  17 
 GUESSED vdw of HE22 in GLN A  17  =  1.80
 NON-STANDARD atom.|HG21| in residue> THR A  21 
 GUESSED vdw of HG21 in THR A  21  =  1.80
 NON-STANDARD atom.|HG22| in residue> THR A  21 
 GUESSED vdw of HG22 in THR A  21  =  1.80
 NON-STANDARD atom.|HG23| in residue> THR A  21 
 GUESSED vdw of HG23 in THR A  21  =  1.80
 NON-STANDARD atom.|HG12| in residue> ILE A  24 
 GUESSED vdw of HG12 in ILE A  24  =  1.80
 NON-STANDARD atom.|HG13| in residue> ILE A  24 
 GUESSED vdw of HG13 in ILE A  24  =  1.80
 NON-STANDARD atom.|HG21| in residue> ILE A  24 
 GUESSED vdw of HG21 in ILE A  24  =  1.80
 NON-STANDARD atom.|HG22| in residue> ILE A  24 
 GUESSED vdw of HG22 in ILE A  24  =  1.80
 NON-STANDARD atom.|HG23| in residue> ILE A  24 
 GUESSED vdw of HG23 in ILE A  24  =  1.80
 NON-STANDARD atom.|HG21| in residue> THR A  30 
 GUESSED vdw of HG21 in THR A  30  =  1.80
 NON-STANDARD atom.|HG22| in residue> THR A  30 
 GUESSED vdw of HG22 in THR A  30  =  1.80
 NON-STANDARD atom.|HG23| in residue> THR A  30 
 GUESSED vdw of HG23 in THR A  30  =  1.80
 NON-STANDARD atom.|HE21| in residue> GLN A  34 
 GUESSED vdw of HE21 in GLN A  34  =  1.80
 NON-STANDARD atom.|HE22| in residue> GLN A  34 
 GUESSED vdw of HE22 in GLN A  34  =  1.80
 NON-STANDARD atom.|HE21| in residue> GLN A  44 
 GUESSED vdw of HE21 in GLN A  44  =  1.80
 NON-STANDARD atom.|HE22| in residue> GLN A  44 
 GUESSED vdw of HE22 in GLN A  44  =  1.80
 NON-STANDARD atom.|HG11| in residue> VAL A  45 
 GUESSED vdw of HG11 in VAL A  45  =  1.80
 NON-STANDARD atom.|HG12| in residue> VAL A  45 
 GUESSED vdw of HG12 in VAL A  45  =  1.80
 NON-STANDARD atom.|HG13| in residue> VAL A  45 
 GUESSED vdw of HG13 in VAL A  45  =  1.80
 NON-STANDARD atom.|HG21| in residue> VAL A  45 
 GUESSED vdw of HG21 in VAL A  45  =  1.80
 NON-STANDARD atom.|HG22| in residue> VAL A  45 
 GUESSED vdw of HG22 in VAL A  45  =  1.80
 NON-STANDARD atom.|HG23| in residue> VAL A  45 
 GUESSED vdw of HG23 in VAL A  45  =  1.80
 NON-STANDARD atom.|HG11| in residue> VAL A  49 
 GUESSED vdw of HG11 in VAL A  49  =  1.80
 NON-STANDARD atom.|HG12| in residue> VAL A  49 
 GUESSED vdw of HG12 in VAL A  49  =  1.80
 NON-STANDARD atom.|HG13| in residue> VAL A  49 
 GUESSED vdw of HG13 in VAL A  49  =  1.80
 NON-STANDARD atom.|HG21| in residue> VAL A  49 
 GUESSED vdw of HG21 in VAL A  49  =  1.80
 NON-STANDARD atom.|HG22| in residue> VAL A  49 
 GUESSED vdw of HG22 in VAL A  49  =  1.80
 NON-STANDARD atom.|HG23| in residue> VAL A  49 
 GUESSED vdw of HG23 in VAL A  49  =  1.80
 NON-STANDARD atom.|HG11| in residue> VAL A  67 
 GUESSED vdw of HG11 in VAL A  67  =  1.80
 NON-STANDARD atom.|HG12| in residue> VAL A  67 
 GUESSED vdw of HG12 in VAL A  67  =  1.80
 NON-STANDARD atom.|HG13| in residue> VAL A  67 
 GUESSED vdw of HG13 in VAL A  67  =  1.80
 NON-STANDARD atom.|HG21| in residue> VAL A  67 
 GUESSED vdw of HG21 in VAL A  67  =  1.80
 NON-STANDARD atom.|HG22| in residue> VAL A  67 
 GUESSED vdw of HG22 in VAL A  67  =  1.80
 NON-STANDARD atom.|HG23| in residue> VAL A  67 
 GUESSED vdw of HG23 in VAL A  67  =  1.80
 NON-STANDARD atom.|HE21| in residue> GLN A  75 
 GUESSED vdw of HE21 in GLN A  75  =  1.80
 NON-STANDARD atom.|HE22| in residue> GLN A  75 
 GUESSED vdw of HE22 in GLN A  75  =  1.80
 NON-STANDARD atom.|HG11| in residue> VAL A  77 
 GUESSED vdw of HG11 in VAL A  77  =  1.80
 NON-STANDARD atom.|HG12| in residue> VAL A  77 
 GUESSED vdw of HG12 in VAL A  77  =  1.80
 NON-STANDARD atom.|HG13| in residue> VAL A  77 
 GUESSED vdw of HG13 in VAL A  77  =  1.80
 NON-STANDARD atom.|HG21| in residue> VAL A  77 
 GUESSED vdw of HG21 in VAL A  77  =  1.80
 NON-STANDARD atom.|HG22| in residue> VAL A  77 
 GUESSED vdw of HG22 in VAL A  77  =  1.80
 NON-STANDARD atom.|HG23| in residue> VAL A  77 
 GUESSED vdw of HG23 in VAL A  77  =  1.80
 NON-STANDARD atom.|HE21| in residue> GLN A  78 
 GUESSED vdw of HE21 in GLN A  78  =  1.80
 NON-STANDARD atom.|HE22| in residue> GLN A  78 
 GUESSED vdw of HE22 in GLN A  78  =  1.80
 NON-STANDARD atom.|HG21| in residue> THR A  80 
 GUESSED vdw of HG21 in THR A  80  =  1.80
 NON-STANDARD atom.|HG22| in residue> THR A  80 
 GUESSED vdw of HG22 in THR A  80  =  1.80
 NON-STANDARD atom.|HG23| in residue> THR A  80 
 GUESSED vdw of HG23 in THR A  80  =  1.80
 NON-STANDARD atom.|HG12| in residue> ILE A  87 
 GUESSED vdw of HG12 in ILE A  87  =  1.80
 NON-STANDARD atom.|HG13| in residue> ILE A  87 
 GUESSED vdw of HG13 in ILE A  87  =  1.80
 NON-STANDARD atom.|HG21| in residue> ILE A  87 
 GUESSED vdw of HG21 in ILE A  87  =  1.80
 NON-STANDARD atom.|HG22| in residue> ILE A  87 
 GUESSED vdw of HG22 in ILE A  87  =  1.80
 NON-STANDARD atom.|HG23| in residue> ILE A  87 
 GUESSED vdw of HG23 in ILE A  87  =  1.80
 NON-STANDARD atom.|HG21| in residue> THR A  88 
 GUESSED vdw of HG21 in THR A  88  =  1.80
 NON-STANDARD atom.|HG22| in residue> THR A  88 
 GUESSED vdw of HG22 in THR A  88  =  1.80
 NON-STANDARD atom.|HG23| in residue> THR A  88 
 GUESSED vdw of HG23 in THR A  88  =  1.80
 NON-STANDARD atom.|HG12| in residue> ILE A  93 
 GUESSED vdw of HG12 in ILE A  93  =  1.80
 NON-STANDARD atom.|HG13| in residue> ILE A  93 
 GUESSED vdw of HG13 in ILE A  93  =  1.80
 NON-STANDARD atom.|HG21| in residue> ILE A  93 
 GUESSED vdw of HG21 in ILE A  93  =  1.80
 NON-STANDARD atom.|HG22| in residue> ILE A  93 
 GUESSED vdw of HG22 in ILE A  93  =  1.80
 NON-STANDARD atom.|HG23| in residue> ILE A  93 
 GUESSED vdw of HG23 in ILE A  93  =  1.80
 NON-STANDARD atom.|HG21| in residue> THR A  95 
 GUESSED vdw of HG21 in THR A  95  =  1.80
 NON-STANDARD atom.|HG22| in residue> THR A  95 
 GUESSED vdw of HG22 in THR A  95  =  1.80
 NON-STANDARD atom.|HG23| in residue> THR A  95 
 GUESSED vdw of HG23 in THR A  95  =  1.80
 NON-STANDARD atom.|HG11| in residue> VAL A 101 
 GUESSED vdw of HG11 in VAL A 101  =  1.80
 NON-STANDARD atom.|HG12| in residue> VAL A 101 
 GUESSED vdw of HG12 in VAL A 101  =  1.80
 NON-STANDARD atom.|HG13| in residue> VAL A 101 
 GUESSED vdw of HG13 in VAL A 101  =  1.80
 NON-STANDARD atom.|HG21| in residue> VAL A 101 
 GUESSED vdw of HG21 in VAL A 101  =  1.80
 NON-STANDARD atom.|HG22| in residue> VAL A 101 
 GUESSED vdw of HG22 in VAL A 101  =  1.80
 NON-STANDARD atom.|HG23| in residue> VAL A 101 
 GUESSED vdw of HG23 in VAL A 101  =  1.80
 NON-STANDARD atom.|HG21| in residue> THR A 106 
 GUESSED vdw of HG21 in THR A 106  =  1.80
 NON-STANDARD atom.|HG22| in residue> THR A 106 
 GUESSED vdw of HG22 in THR A 106  =  1.80
 NON-STANDARD atom.|HG23| in residue> THR A 106 
 GUESSED vdw of HG23 in THR A 106  =  1.80
 NON-STANDARD atom.|HG11| in residue> VAL A 110 
 GUESSED vdw of HG11 in VAL A 110  =  1.80
 NON-STANDARD atom.|HG12| in residue> VAL A 110 
 GUESSED vdw of HG12 in VAL A 110  =  1.80
 NON-STANDARD atom.|HG13| in residue> VAL A 110 
 GUESSED vdw of HG13 in VAL A 110  =  1.80
 NON-STANDARD atom.|HG21| in residue> VAL A 110 
 GUESSED vdw of HG21 in VAL A 110  =  1.80
 NON-STANDARD atom.|HG22| in residue> VAL A 110 
 GUESSED vdw of HG22 in VAL A 110  =  1.80
 NON-STANDARD atom.|HG23| in residue> VAL A 110 
 GUESSED vdw of HG23 in VAL A 110  =  1.80
 NON-STANDARD atom.|HG21| in residue> THR A 117 
 GUESSED vdw of HG21 in THR A 117  =  1.80
 NON-STANDARD atom.|HG22| in residue> THR A 117 
 GUESSED vdw of HG22 in THR A 117  =  1.80
 NON-STANDARD atom.|HG23| in residue> THR A 117 
 GUESSED vdw of HG23 in THR A 117  =  1.80
 NON-STANDARD atom.|HG11| in residue> VAL A 119 
 GUESSED vdw of HG11 in VAL A 119  =  1.80
 NON-STANDARD atom.|HG12| in residue> VAL A 119 
 GUESSED vdw of HG12 in VAL A 119  =  1.80
 NON-STANDARD atom.|HG13| in residue> VAL A 119 
 GUESSED vdw of HG13 in VAL A 119  =  1.80
 NON-STANDARD atom.|HG21| in residue> VAL A 119 
 GUESSED vdw of HG21 in VAL A 119  =  1.80
 NON-STANDARD atom.|HG22| in residue> VAL A 119 
 GUESSED vdw of HG22 in VAL A 119  =  1.80
 NON-STANDARD atom.|HG23| in residue> VAL A 119 
 GUESSED vdw of HG23 in VAL A 119  =  1.80
 NON-STANDARD atom.|HG11| in residue> VAL A 122 
 GUESSED vdw of HG11 in VAL A 122  =  1.80
 NON-STANDARD atom.|HG12| in residue> VAL A 122 
 GUESSED vdw of HG12 in VAL A 122  =  1.80
 NON-STANDARD atom.|HG13| in residue> VAL A 122 
 GUESSED vdw of HG13 in VAL A 122  =  1.80
 NON-STANDARD atom.|HG21| in residue> VAL A 122 
 GUESSED vdw of HG21 in VAL A 122  =  1.80
 NON-STANDARD atom.|HG22| in residue> VAL A 122 
 GUESSED vdw of HG22 in VAL A 122  =  1.80
 NON-STANDARD atom.|HG23| in residue> VAL A 122 
 GUESSED vdw of HG23 in VAL A 122  =  1.80
 NON-STANDARD atom.|HG11| in residue> VAL A 127 
 GUESSED vdw of HG11 in VAL A 127  =  1.80
 NON-STANDARD atom.|HG12| in residue> VAL A 127 
 GUESSED vdw of HG12 in VAL A 127  =  1.80
 NON-STANDARD atom.|HG13| in residue> VAL A 127 
 GUESSED vdw of HG13 in VAL A 127  =  1.80
 NON-STANDARD atom.|HG21| in residue> VAL A 127 
 GUESSED vdw of HG21 in VAL A 127  =  1.80
 NON-STANDARD atom.|HG22| in residue> VAL A 127 
 GUESSED vdw of HG22 in VAL A 127  =  1.80
 NON-STANDARD atom.|HG23| in residue> VAL A 127 
 GUESSED vdw of HG23 in VAL A 127  =  1.80
 NON-STANDARD atom.|HG12| in residue> ILE A 131 
 GUESSED vdw of HG12 in ILE A 131  =  1.80
 NON-STANDARD atom.|HG13| in residue> ILE A 131 
 GUESSED vdw of HG13 in ILE A 131  =  1.80
 NON-STANDARD atom.|HG21| in residue> ILE A 131 
 GUESSED vdw of HG21 in ILE A 131  =  1.80
 NON-STANDARD atom.|HG22| in residue> ILE A 131 
 GUESSED vdw of HG22 in ILE A 131  =  1.80
 NON-STANDARD atom.|HG23| in residue> ILE A 131 
 GUESSED vdw of HG23 in ILE A 131  =  1.80
 NON-STANDARD atom.|HG21| in residue> THR A 132 
 GUESSED vdw of HG21 in THR A 132  =  1.80
 NON-STANDARD atom.|HG22| in residue> THR A 132 
 GUESSED vdw of HG22 in THR A 132  =  1.80
 NON-STANDARD atom.|HG23| in residue> THR A 132 
 GUESSED vdw of HG23 in THR A 132  =  1.80
 NON-STANDARD atom.|HG12| in residue> ILE A 135 
 GUESSED vdw of HG12 in ILE A 135  =  1.80
 NON-STANDARD atom.|HG13| in residue> ILE A 135 
 GUESSED vdw of HG13 in ILE A 135  =  1.80
 NON-STANDARD atom.|HG21| in residue> ILE A 135 
 GUESSED vdw of HG21 in ILE A 135  =  1.80
 NON-STANDARD atom.|HG22| in residue> ILE A 135 
 GUESSED vdw of HG22 in ILE A 135  =  1.80
 NON-STANDARD atom.|HG23| in residue> ILE A 135 
 GUESSED vdw of HG23 in ILE A 135  =  1.80
 NON-STANDARD atom.|HG21| in residue> THR A 137 
 GUESSED vdw of HG21 in THR A 137  =  1.80
 NON-STANDARD atom.|HG22| in residue> THR A 137 
 GUESSED vdw of HG22 in THR A 137  =  1.80
 NON-STANDARD atom.|HG23| in residue> THR A 137 
 GUESSED vdw of HG23 in THR A 137  =  1.80
 NON-STANDARD atom.|HE21| in residue> GLN A 142 
 GUESSED vdw of HE21 in GLN A 142  =  1.80
 NON-STANDARD atom.|HE22| in residue> GLN A 142 
 GUESSED vdw of HE22 in GLN A 142  =  1.80
 NON-STANDARD atom.|HG21| in residue> THR A 144 
 GUESSED vdw of HG21 in THR A 144  =  1.80
 NON-STANDARD atom.|HG22| in residue> THR A 144 
 GUESSED vdw of HG22 in THR A 144  =  1.80
 NON-STANDARD atom.|HG23| in residue> THR A 144 
 GUESSED vdw of HG23 in THR A 144  =  1.80
 NON-STANDARD atom.|HG12| in residue> ILE A 147 
 GUESSED vdw of HG12 in ILE A 147  =  1.80
 NON-STANDARD atom.|HG13| in residue> ILE A 147 
 GUESSED vdw of HG13 in ILE A 147  =  1.80
 NON-STANDARD atom.|HG21| in residue> ILE A 147 
 GUESSED vdw of HG21 in ILE A 147  =  1.80
 NON-STANDARD atom.|HG22| in residue> ILE A 147 
 GUESSED vdw of HG22 in ILE A 147  =  1.80
 NON-STANDARD atom.|HG23| in residue> ILE A 147 
 GUESSED vdw of HG23 in ILE A 147  =  1.80
 NON-STANDARD atom.|HG21| in residue> THR A 152 
 GUESSED vdw of HG21 in THR A 152  =  1.80
 NON-STANDARD atom.|HG22| in residue> THR A 152 
 GUESSED vdw of HG22 in THR A 152  =  1.80
 NON-STANDARD atom.|HG23| in residue> THR A 152 
 GUESSED vdw of HG23 in THR A 152  =  1.80
 NON-STANDARD atom.|HG12| in residue> ILE A 153 
 GUESSED vdw of HG12 in ILE A 153  =  1.80
 NON-STANDARD atom.|HG13| in residue> ILE A 153 
 GUESSED vdw of HG13 in ILE A 153  =  1.80
 NON-STANDARD atom.|HG21| in residue> ILE A 153 
 GUESSED vdw of HG21 in ILE A 153  =  1.80
 NON-STANDARD atom.|HG22| in residue> ILE A 153 
 GUESSED vdw of HG22 in ILE A 153  =  1.80
 NON-STANDARD atom.|HG23| in residue> ILE A 153 
 GUESSED vdw of HG23 in ILE A 153  =  1.80
 NON-STANDARD atom.|HG21| in residue> THR A 155 
 GUESSED vdw of HG21 in THR A 155  =  1.80
 NON-STANDARD atom.|HG22| in residue> THR A 155 
 GUESSED vdw of HG22 in THR A 155  =  1.80
 NON-STANDARD atom.|HG23| in residue> THR A 155 
 GUESSED vdw of HG23 in THR A 155  =  1.80
 NON-STANDARD atom.|HG11| in residue> VAL A 166 
 GUESSED vdw of HG11 in VAL A 166  =  1.80
 NON-STANDARD atom.|HG12| in residue> VAL A 166 
 GUESSED vdw of HG12 in VAL A 166  =  1.80
 NON-STANDARD atom.|HG13| in residue> VAL A 166 
 GUESSED vdw of HG13 in VAL A 166  =  1.80
 NON-STANDARD atom.|HG21| in residue> VAL A 166 
 GUESSED vdw of HG21 in VAL A 166  =  1.80
 NON-STANDARD atom.|HG22| in residue> VAL A 166 
 GUESSED vdw of HG22 in VAL A 166  =  1.80
 NON-STANDARD atom.|HG23| in residue> VAL A 166 
 GUESSED vdw of HG23 in VAL A 166  =  1.80
 NON-STANDARD atom.|HE21| in residue> GLN A 172 
 GUESSED vdw of HE21 in GLN A 172  =  1.80
 NON-STANDARD atom.|HE22| in residue> GLN A 172 
 GUESSED vdw of HE22 in GLN A 172  =  1.80
 NON-STANDARD atom.|HG21| in residue> THR A   6 
 GUESSED vdw of HG21 in THR A   6  =  1.80
 NON-STANDARD atom.|HG22| in residue> THR A   6 
 GUESSED vdw of HG22 in THR A   6  =  1.80
 NON-STANDARD atom.|HG23| in residue> THR A   6 
 GUESSED vdw of HG23 in THR A   6  =  1.80
 NON-STANDARD atom.|HG21| in residue> THR A   9 
 GUESSED vdw of HG21 in THR A   9  =  1.80
 NON-STANDARD atom.|HG22| in residue> THR A   9 
 GUESSED vdw of HG22 in THR A   9  =  1.80
 NON-STANDARD atom.|HG23| in residue> THR A   9 
 GUESSED vdw of HG23 in THR A   9  =  1.80
 NON-STANDARD atom.|HE21| in residue> GLN A  17 
 GUESSED vdw of HE21 in GLN A  17  =  1.80
 NON-STANDARD atom.|HE22| in residue> GLN A  17 
 GUESSED vdw of HE22 in GLN A  17  =  1.80
 NON-STANDARD atom.|HG21| in residue> THR A  21 
 GUESSED vdw of HG21 in THR A  21  =  1.80
 NON-STANDARD atom.|HG22| in residue> THR A  21 
 GUESSED vdw of HG22 in THR A  21  =  1.80
 NON-STANDARD atom.|HG23| in residue> THR A  21 
 GUESSED vdw of HG23 in THR A  21  =  1.80
 NON-STANDARD atom.|HG12| in residue> ILE A  24 
 GUESSED vdw of HG12 in ILE A  24  =  1.80
 NON-STANDARD atom.|HG13| in residue> ILE A  24 
 GUESSED vdw of HG13 in ILE A  24  =  1.80
 NON-STANDARD atom.|HG21| in residue> ILE A  24 
 GUESSED vdw of HG21 in ILE A  24  =  1.80
 NON-STANDARD atom.|HG22| in residue> ILE A  24 
 GUESSED vdw of HG22 in ILE A  24  =  1.80
 NON-STANDARD atom.|HG23| in residue> ILE A  24 
 GUESSED vdw of HG23 in ILE A  24  =  1.80
 NON-STANDARD atom.|HG21| in residue> THR A  30 
 GUESSED vdw of HG21 in THR A  30  =  1.80
 NON-STANDARD atom.|HG22| in residue> THR A  30 
 GUESSED vdw of HG22 in THR A  30  =  1.80
 NON-STANDARD atom.|HG23| in residue> THR A  30 
 GUESSED vdw of HG23 in THR A  30  =  1.80
 NON-STANDARD atom.|HE21| in residue> GLN A  34 
 GUESSED vdw of HE21 in GLN A  34  =  1.80
 NON-STANDARD atom.|HE22| in residue> GLN A  34 
 GUESSED vdw of HE22 in GLN A  34  =  1.80
 NON-STANDARD atom.|HE21| in residue> GLN A  44 
 GUESSED vdw of HE21 in GLN A  44  =  1.80
 NON-STANDARD atom.|HE22| in residue> GLN A  44 
 GUESSED vdw of HE22 in GLN A  44  =  1.80
 NON-STANDARD atom.|HG11| in residue> VAL A  45 
 GUESSED vdw of HG11 in VAL A  45  =  1.80
 NON-STANDARD atom.|HG12| in residue> VAL A  45 
 GUESSED vdw of HG12 in VAL A  45  =  1.80
 NON-STANDARD atom.|HG13| in residue> VAL A  45 
 GUESSED vdw of HG13 in VAL A  45  =  1.80
 NON-STANDARD atom.|HG21| in residue> VAL A  45 
 GUESSED vdw of HG21 in VAL A  45  =  1.80
 NON-STANDARD atom.|HG22| in residue> VAL A  45 
 GUESSED vdw of HG22 in VAL A  45  =  1.80
 NON-STANDARD atom.|HG23| in residue> VAL A  45 
 GUESSED vdw of HG23 in VAL A  45  =  1.80
 NON-STANDARD atom.|HG11| in residue> VAL A  49 
 GUESSED vdw of HG11 in VAL A  49  =  1.80
 NON-STANDARD atom.|HG12| in residue> VAL A  49 
 GUESSED vdw of HG12 in VAL A  49  =  1.80
 NON-STANDARD atom.|HG13| in residue> VAL A  49 
 GUESSED vdw of HG13 in VAL A  49  =  1.80
 NON-STANDARD atom.|HG21| in residue> VAL A  49 
 GUESSED vdw of HG21 in VAL A  49  =  1.80
 NON-STANDARD atom.|HG22| in residue> VAL A  49 
 GUESSED vdw of HG22 in VAL A  49  =  1.80
 NON-STANDARD atom.|HG23| in residue> VAL A  49 
 GUESSED vdw of HG23 in VAL A  49  =  1.80
 NON-STANDARD atom.|HG11| in residue> VAL A  67 
 GUESSED vdw of HG11 in VAL A  67  =  1.80
 NON-STANDARD atom.|HG12| in residue> VAL A  67 
 GUESSED vdw of HG12 in VAL A  67  =  1.80
 NON-STANDARD atom.|HG13| in residue> VAL A  67 
 GUESSED vdw of HG13 in VAL A  67  =  1.80
 NON-STANDARD atom.|HG21| in residue> VAL A  67 
 GUESSED vdw of HG21 in VAL A  67  =  1.80
 NON-STANDARD atom.|HG22| in residue> VAL A  67 
 GUESSED vdw of HG22 in VAL A  67  =  1.80
 NON-STANDARD atom.|HG23| in residue> VAL A  67 
 GUESSED vdw of HG23 in VAL A  67  =  1.80
 NON-STANDARD atom.|HE21| in residue> GLN A  75 
 GUESSED vdw of HE21 in GLN A  75  =  1.80
 NON-STANDARD atom.|HE22| in residue> GLN A  75 
 GUESSED vdw of HE22 in GLN A  75  =  1.80
 NON-STANDARD atom.|HG11| in residue> VAL A  77 
 GUESSED vdw of HG11 in VAL A  77  =  1.80
 NON-STANDARD atom.|HG12| in residue> VAL A  77 
 GUESSED vdw of HG12 in VAL A  77  =  1.80
 NON-STANDARD atom.|HG13| in residue> VAL A  77 
 GUESSED vdw of HG13 in VAL A  77  =  1.80
 NON-STANDARD atom.|HG21| in residue> VAL A  77 
 GUESSED vdw of HG21 in VAL A  77  =  1.80
 NON-STANDARD atom.|HG22| in residue> VAL A  77 
 GUESSED vdw of HG22 in VAL A  77  =  1.80
 NON-STANDARD atom.|HG23| in residue> VAL A  77 
 GUESSED vdw of HG23 in VAL A  77  =  1.80
 NON-STANDARD atom.|HE21| in residue> GLN A  78 
 GUESSED vdw of HE21 in GLN A  78  =  1.80
 NON-STANDARD atom.|HE22| in residue> GLN A  78 
 GUESSED vdw of HE22 in GLN A  78  =  1.80
 NON-STANDARD atom.|HG21| in residue> THR A  80 
 GUESSED vdw of HG21 in THR A  80  =  1.80
 NON-STANDARD atom.|HG22| in residue> THR A  80 
 GUESSED vdw of HG22 in THR A  80  =  1.80
 NON-STANDARD atom.|HG23| in residue> THR A  80 
 GUESSED vdw of HG23 in THR A  80  =  1.80
 NON-STANDARD atom.|HG12| in residue> ILE A  87 
 GUESSED vdw of HG12 in ILE A  87  =  1.80
 NON-STANDARD atom.|HG13| in residue> ILE A  87 
 GUESSED vdw of HG13 in ILE A  87  =  1.80
 NON-STANDARD atom.|HG21| in residue> ILE A  87 
 GUESSED vdw of HG21 in ILE A  87  =  1.80
 NON-STANDARD atom.|HG22| in residue> ILE A  87 
 GUESSED vdw of HG22 in ILE A  87  =  1.80
 NON-STANDARD atom.|HG23| in residue> ILE A  87 
 GUESSED vdw of HG23 in ILE A  87  =  1.80
 NON-STANDARD atom.|HG21| in residue> THR A  88 
 GUESSED vdw of HG21 in THR A  88  =  1.80
 NON-STANDARD atom.|HG22| in residue> THR A  88 
 GUESSED vdw of HG22 in THR A  88  =  1.80
 NON-STANDARD atom.|HG23| in residue> THR A  88 
 GUESSED vdw of HG23 in THR A  88  =  1.80
 NON-STANDARD atom.|HG12| in residue> ILE A  93 
 GUESSED vdw of HG12 in ILE A  93  =  1.80
 NON-STANDARD atom.|HG13| in residue> ILE A  93 
 GUESSED vdw of HG13 in ILE A  93  =  1.80
 NON-STANDARD atom.|HG21| in residue> ILE A  93 
 GUESSED vdw of HG21 in ILE A  93  =  1.80
 NON-STANDARD atom.|HG22| in residue> ILE A  93 
 GUESSED vdw of HG22 in ILE A  93  =  1.80
 NON-STANDARD atom.|HG23| in residue> ILE A  93 
 GUESSED vdw of HG23 in ILE A  93  =  1.80
 NON-STANDARD atom.|HG21| in residue> THR A  95 
 GUESSED vdw of HG21 in THR A  95  =  1.80
 NON-STANDARD atom.|HG22| in residue> THR A  95 
 GUESSED vdw of HG22 in THR A  95  =  1.80
 NON-STANDARD atom.|HG23| in residue> THR A  95 
 GUESSED vdw of HG23 in THR A  95  =  1.80
 NON-STANDARD atom.|HG11| in residue> VAL A 101 
 GUESSED vdw of HG11 in VAL A 101  =  1.80
 NON-STANDARD atom.|HG12| in residue> VAL A 101 
 GUESSED vdw of HG12 in VAL A 101  =  1.80
 NON-STANDARD atom.|HG13| in residue> VAL A 101 
 GUESSED vdw of HG13 in VAL A 101  =  1.80
 NON-STANDARD atom.|HG21| in residue> VAL A 101 
 GUESSED vdw of HG21 in VAL A 101  =  1.80
 NON-STANDARD atom.|HG22| in residue> VAL A 101 
 GUESSED vdw of HG22 in VAL A 101  =  1.80
 NON-STANDARD atom.|HG23| in residue> VAL A 101 
 GUESSED vdw of HG23 in VAL A 101  =  1.80
 NON-STANDARD atom.|HG21| in residue> THR A 106 
 GUESSED vdw of HG21 in THR A 106  =  1.80
 NON-STANDARD atom.|HG22| in residue> THR A 106 
 GUESSED vdw of HG22 in THR A 106  =  1.80
 NON-STANDARD atom.|HG23| in residue> THR A 106 
 GUESSED vdw of HG23 in THR A 106  =  1.80
 NON-STANDARD atom.|HG11| in residue> VAL A 110 
 GUESSED vdw of HG11 in VAL A 110  =  1.80
 NON-STANDARD atom.|HG12| in residue> VAL A 110 
 GUESSED vdw of HG12 in VAL A 110  =  1.80
 NON-STANDARD atom.|HG13| in residue> VAL A 110 
 GUESSED vdw of HG13 in VAL A 110  =  1.80
 NON-STANDARD atom.|HG21| in residue> VAL A 110 
 GUESSED vdw of HG21 in VAL A 110  =  1.80
 NON-STANDARD atom.|HG22| in residue> VAL A 110 
 GUESSED vdw of HG22 in VAL A 110  =  1.80
 NON-STANDARD atom.|HG23| in residue> VAL A 110 
 GUESSED vdw of HG23 in VAL A 110  =  1.80
 NON-STANDARD atom.|HG21| in residue> THR A 117 
 GUESSED vdw of HG21 in THR A 117  =  1.80
 NON-STANDARD atom.|HG22| in residue> THR A 117 
 GUESSED vdw of HG22 in THR A 117  =  1.80
 NON-STANDARD atom.|HG23| in residue> THR A 117 
 GUESSED vdw of HG23 in THR A 117  =  1.80
 NON-STANDARD atom.|HG11| in residue> VAL A 119 
 GUESSED vdw of HG11 in VAL A 119  =  1.80
 NON-STANDARD atom.|HG12| in residue> VAL A 119 
 GUESSED vdw of HG12 in VAL A 119  =  1.80
 NON-STANDARD atom.|HG13| in residue> VAL A 119 
 GUESSED vdw of HG13 in VAL A 119  =  1.80
 NON-STANDARD atom.|HG21| in residue> VAL A 119 
 GUESSED vdw of HG21 in VAL A 119  =  1.80
 NON-STANDARD atom.|HG22| in residue> VAL A 119 
 GUESSED vdw of HG22 in VAL A 119  =  1.80
 NON-STANDARD atom.|HG23| in residue> VAL A 119 
 GUESSED vdw of HG23 in VAL A 119  =  1.80
 NON-STANDARD atom.|HG11| in residue> VAL A 122 
 GUESSED vdw of HG11 in VAL A 122  =  1.80
 NON-STANDARD atom.|HG12| in residue> VAL A 122 
 GUESSED vdw of HG12 in VAL A 122  =  1.80
 NON-STANDARD atom.|HG13| in residue> VAL A 122 
 GUESSED vdw of HG13 in VAL A 122  =  1.80
 NON-STANDARD atom.|HG21| in residue> VAL A 122 
 GUESSED vdw of HG21 in VAL A 122  =  1.80
 NON-STANDARD atom.|HG22| in residue> VAL A 122 
 GUESSED vdw of HG22 in VAL A 122  =  1.80
 NON-STANDARD atom.|HG23| in residue> VAL A 122 
 GUESSED vdw of HG23 in VAL A 122  =  1.80
 NON-STANDARD atom.|HG11| in residue> VAL A 127 
 GUESSED vdw of HG11 in VAL A 127  =  1.80
 NON-STANDARD atom.|HG12| in residue> VAL A 127 
 GUESSED vdw of HG12 in VAL A 127  =  1.80
 NON-STANDARD atom.|HG13| in residue> VAL A 127 
 GUESSED vdw of HG13 in VAL A 127  =  1.80
 NON-STANDARD atom.|HG21| in residue> VAL A 127 
 GUESSED vdw of HG21 in VAL A 127  =  1.80
 NON-STANDARD atom.|HG22| in residue> VAL A 127 
 GUESSED vdw of HG22 in VAL A 127  =  1.80
 NON-STANDARD atom.|HG23| in residue> VAL A 127 
 GUESSED vdw of HG23 in VAL A 127  =  1.80
 NON-STANDARD atom.|HG12| in residue> ILE A 131 
 GUESSED vdw of HG12 in ILE A 131  =  1.80
 NON-STANDARD atom.|HG13| in residue> ILE A 131 
 GUESSED vdw of HG13 in ILE A 131  =  1.80
 NON-STANDARD atom.|HG21| in residue> ILE A 131 
 GUESSED vdw of HG21 in ILE A 131  =  1.80
 NON-STANDARD atom.|HG22| in residue> ILE A 131 
 GUESSED vdw of HG22 in ILE A 131  =  1.80
 NON-STANDARD atom.|HG23| in residue> ILE A 131 
 GUESSED vdw of HG23 in ILE A 131  =  1.80
 NON-STANDARD atom.|HG21| in residue> THR A 132 
 GUESSED vdw of HG21 in THR A 132  =  1.80
 NON-STANDARD atom.|HG22| in residue> THR A 132 
 GUESSED vdw of HG22 in THR A 132  =  1.80
 NON-STANDARD atom.|HG23| in residue> THR A 132 
 GUESSED vdw of HG23 in THR A 132  =  1.80
 NON-STANDARD atom.|HG12| in residue> ILE A 135 
 GUESSED vdw of HG12 in ILE A 135  =  1.80
 NON-STANDARD atom.|HG13| in residue> ILE A 135 
 GUESSED vdw of HG13 in ILE A 135  =  1.80
 NON-STANDARD atom.|HG21| in residue> ILE A 135 
 GUESSED vdw of HG21 in ILE A 135  =  1.80
 NON-STANDARD atom.|HG22| in residue> ILE A 135 
 GUESSED vdw of HG22 in ILE A 135  =  1.80
 NON-STANDARD atom.|HG23| in residue> ILE A 135 
 GUESSED vdw of HG23 in ILE A 135  =  1.80
 NON-STANDARD atom.|HG21| in residue> THR A 137 
 GUESSED vdw of HG21 in THR A 137  =  1.80
 NON-STANDARD atom.|HG22| in residue> THR A 137 
 GUESSED vdw of HG22 in THR A 137  =  1.80
 NON-STANDARD atom.|HG23| in residue> THR A 137 
 GUESSED vdw of HG23 in THR A 137  =  1.80
 NON-STANDARD atom.|HE21| in residue> GLN A 142 
 GUESSED vdw of HE21 in GLN A 142  =  1.80
 NON-STANDARD atom.|HE22| in residue> GLN A 142 
 GUESSED vdw of HE22 in GLN A 142  =  1.80
 NON-STANDARD atom.|HG21| in residue> THR A 144 
 GUESSED vdw of HG21 in THR A 144  =  1.80
 NON-STANDARD atom.|HG22| in residue> THR A 144 
 GUESSED vdw of HG22 in THR A 144  =  1.80
 NON-STANDARD atom.|HG23| in residue> THR A 144 
 GUESSED vdw of HG23 in THR A 144  =  1.80
 NON-STANDARD atom.|HG12| in residue> ILE A 147 
 GUESSED vdw of HG12 in ILE A 147  =  1.80
 NON-STANDARD atom.|HG13| in residue> ILE A 147 
 GUESSED vdw of HG13 in ILE A 147  =  1.80
 NON-STANDARD atom.|HG21| in residue> ILE A 147 
 GUESSED vdw of HG21 in ILE A 147  =  1.80
 NON-STANDARD atom.|HG22| in residue> ILE A 147 
 GUESSED vdw of HG22 in ILE A 147  =  1.80
 NON-STANDARD atom.|HG23| in residue> ILE A 147 
 GUESSED vdw of HG23 in ILE A 147  =  1.80
 NON-STANDARD atom.|HG21| in residue> THR A 152 
 GUESSED vdw of HG21 in THR A 152  =  1.80
 NON-STANDARD atom.|HG22| in residue> THR A 152 
 GUESSED vdw of HG22 in THR A 152  =  1.80
 NON-STANDARD atom.|HG23| in residue> THR A 152 
 GUESSED vdw of HG23 in THR A 152  =  1.80
 NON-STANDARD atom.|HG12| in residue> ILE A 153 
 GUESSED vdw of HG12 in ILE A 153  =  1.80
 NON-STANDARD atom.|HG13| in residue> ILE A 153 
 GUESSED vdw of HG13 in ILE A 153  =  1.80
 NON-STANDARD atom.|HG21| in residue> ILE A 153 
 GUESSED vdw of HG21 in ILE A 153  =  1.80
 NON-STANDARD atom.|HG22| in residue> ILE A 153 
 GUESSED vdw of HG22 in ILE A 153  =  1.80
 NON-STANDARD atom.|HG23| in residue> ILE A 153 
 GUESSED vdw of HG23 in ILE A 153  =  1.80
 NON-STANDARD atom.|HG21| in residue> THR A 155 
 GUESSED vdw of HG21 in THR A 155  =  1.80
 NON-STANDARD atom.|HG22| in residue> THR A 155 
 GUESSED vdw of HG22 in THR A 155  =  1.80
 NON-STANDARD atom.|HG23| in residue> THR A 155 
 GUESSED vdw of HG23 in THR A 155  =  1.80
 NON-STANDARD atom.|HG11| in residue> VAL A 166 
 GUESSED vdw of HG11 in VAL A 166  =  1.80
 NON-STANDARD atom.|HG12| in residue> VAL A 166 
 GUESSED vdw of HG12 in VAL A 166  =  1.80
 NON-STANDARD atom.|HG13| in residue> VAL A 166 
 GUESSED vdw of HG13 in VAL A 166  =  1.80
 NON-STANDARD atom.|HG21| in residue> VAL A 166 
 GUESSED vdw of HG21 in VAL A 166  =  1.80
 NON-STANDARD atom.|HG22| in residue> VAL A 166 
 GUESSED vdw of HG22 in VAL A 166  =  1.80
 NON-STANDARD atom.|HG23| in residue> VAL A 166 
 GUESSED vdw of HG23 in VAL A 166  =  1.80
 NON-STANDARD atom.|HE21| in residue> GLN A 172 
 GUESSED vdw of HE21 in GLN A 172  =  1.80
 NON-STANDARD atom.|HE22| in residue> GLN A 172 
 GUESSED vdw of HE22 in GLN A 172  =  1.80
 NON-STANDARD atom.|HG21| in residue> THR A   6 
 GUESSED vdw of HG21 in THR A   6  =  1.80
 NON-STANDARD atom.|HG22| in residue> THR A   6 
 GUESSED vdw of HG22 in THR A   6  =  1.80
 NON-STANDARD atom.|HG23| in residue> THR A   6 
 GUESSED vdw of HG23 in THR A   6  =  1.80
 NON-STANDARD atom.|HG21| in residue> THR A   9 
 GUESSED vdw of HG21 in THR A   9  =  1.80
 NON-STANDARD atom.|HG22| in residue> THR A   9 
 GUESSED vdw of HG22 in THR A   9  =  1.80
 NON-STANDARD atom.|HG23| in residue> THR A   9 
 GUESSED vdw of HG23 in THR A   9  =  1.80
 NON-STANDARD atom.|HE21| in residue> GLN A  17 
 GUESSED vdw of HE21 in GLN A  17  =  1.80
 NON-STANDARD atom.|HE22| in residue> GLN A  17 
 GUESSED vdw of HE22 in GLN A  17  =  1.80
 NON-STANDARD atom.|HG21| in residue> THR A  21 
 GUESSED vdw of HG21 in THR A  21  =  1.80
 NON-STANDARD atom.|HG22| in residue> THR A  21 
 GUESSED vdw of HG22 in THR A  21  =  1.80
 NON-STANDARD atom.|HG23| in residue> THR A  21 
 GUESSED vdw of HG23 in THR A  21  =  1.80
 NON-STANDARD atom.|HG12| in residue> ILE A  24 
 GUESSED vdw of HG12 in ILE A  24  =  1.80
 NON-STANDARD atom.|HG13| in residue> ILE A  24 
 GUESSED vdw of HG13 in ILE A  24  =  1.80
 NON-STANDARD atom.|HG21| in residue> ILE A  24 
 GUESSED vdw of HG21 in ILE A  24  =  1.80
 NON-STANDARD atom.|HG22| in residue> ILE A  24 
 GUESSED vdw of HG22 in ILE A  24  =  1.80
 NON-STANDARD atom.|HG23| in residue> ILE A  24 
 GUESSED vdw of HG23 in ILE A  24  =  1.80
 NON-STANDARD atom.|HG21| in residue> THR A  30 
 GUESSED vdw of HG21 in THR A  30  =  1.80
 NON-STANDARD atom.|HG22| in residue> THR A  30 
 GUESSED vdw of HG22 in THR A  30  =  1.80
 NON-STANDARD atom.|HG23| in residue> THR A  30 
 GUESSED vdw of HG23 in THR A  30  =  1.80
 NON-STANDARD atom.|HE21| in residue> GLN A  34 
 GUESSED vdw of HE21 in GLN A  34  =  1.80
 NON-STANDARD atom.|HE22| in residue> GLN A  34 
 GUESSED vdw of HE22 in GLN A  34  =  1.80
 NON-STANDARD atom.|HE21| in residue> GLN A  44 
 GUESSED vdw of HE21 in GLN A  44  =  1.80
 NON-STANDARD atom.|HE22| in residue> GLN A  44 
 GUESSED vdw of HE22 in GLN A  44  =  1.80
 NON-STANDARD atom.|HG11| in residue> VAL A  45 
 GUESSED vdw of HG11 in VAL A  45  =  1.80
 NON-STANDARD atom.|HG12| in residue> VAL A  45 
 GUESSED vdw of HG12 in VAL A  45  =  1.80
 NON-STANDARD atom.|HG13| in residue> VAL A  45 
 GUESSED vdw of HG13 in VAL A  45  =  1.80
 NON-STANDARD atom.|HG21| in residue> VAL A  45 
 GUESSED vdw of HG21 in VAL A  45  =  1.80
 NON-STANDARD atom.|HG22| in residue> VAL A  45 
 GUESSED vdw of HG22 in VAL A  45  =  1.80
 NON-STANDARD atom.|HG23| in residue> VAL A  45 
 GUESSED vdw of HG23 in VAL A  45  =  1.80
 NON-STANDARD atom.|HG11| in residue> VAL A  49 
 GUESSED vdw of HG11 in VAL A  49  =  1.80
 NON-STANDARD atom.|HG12| in residue> VAL A  49 
 GUESSED vdw of HG12 in VAL A  49  =  1.80
 NON-STANDARD atom.|HG13| in residue> VAL A  49 
 GUESSED vdw of HG13 in VAL A  49  =  1.80
 NON-STANDARD atom.|HG21| in residue> VAL A  49 
 GUESSED vdw of HG21 in VAL A  49  =  1.80
 NON-STANDARD atom.|HG22| in residue> VAL A  49 
 GUESSED vdw of HG22 in VAL A  49  =  1.80
 NON-STANDARD atom.|HG23| in residue> VAL A  49 
 GUESSED vdw of HG23 in VAL A  49  =  1.80
 NON-STANDARD atom.|HG11| in residue> VAL A  67 
 GUESSED vdw of HG11 in VAL A  67  =  1.80
 NON-STANDARD atom.|HG12| in residue> VAL A  67 
 GUESSED vdw of HG12 in VAL A  67  =  1.80
 NON-STANDARD atom.|HG13| in residue> VAL A  67 
 GUESSED vdw of HG13 in VAL A  67  =  1.80
 NON-STANDARD atom.|HG21| in residue> VAL A  67 
 GUESSED vdw of HG21 in VAL A  67  =  1.80
 NON-STANDARD atom.|HG22| in residue> VAL A  67 
 GUESSED vdw of HG22 in VAL A  67  =  1.80
 NON-STANDARD atom.|HG23| in residue> VAL A  67 
 GUESSED vdw of HG23 in VAL A  67  =  1.80
 NON-STANDARD atom.|HE21| in residue> GLN A  75 
 GUESSED vdw of HE21 in GLN A  75  =  1.80
 NON-STANDARD atom.|HE22| in residue> GLN A  75 
 GUESSED vdw of HE22 in GLN A  75  =  1.80
 NON-STANDARD atom.|HG11| in residue> VAL A  77 
 GUESSED vdw of HG11 in VAL A  77  =  1.80
 NON-STANDARD atom.|HG12| in residue> VAL A  77 
 GUESSED vdw of HG12 in VAL A  77  =  1.80
 NON-STANDARD atom.|HG13| in residue> VAL A  77 
 GUESSED vdw of HG13 in VAL A  77  =  1.80
 NON-STANDARD atom.|HG21| in residue> VAL A  77 
 GUESSED vdw of HG21 in VAL A  77  =  1.80
 NON-STANDARD atom.|HG22| in residue> VAL A  77 
 GUESSED vdw of HG22 in VAL A  77  =  1.80
 NON-STANDARD atom.|HG23| in residue> VAL A  77 
 GUESSED vdw of HG23 in VAL A  77  =  1.80
 NON-STANDARD atom.|HE21| in residue> GLN A  78 
 GUESSED vdw of HE21 in GLN A  78  =  1.80
 NON-STANDARD atom.|HE22| in residue> GLN A  78 
 GUESSED vdw of HE22 in GLN A  78  =  1.80
 NON-STANDARD atom.|HG21| in residue> THR A  80 
 GUESSED vdw of HG21 in THR A  80  =  1.80
 NON-STANDARD atom.|HG22| in residue> THR A  80 
 GUESSED vdw of HG22 in THR A  80  =  1.80
 NON-STANDARD atom.|HG23| in residue> THR A  80 
 GUESSED vdw of HG23 in THR A  80  =  1.80
 NON-STANDARD atom.|HG12| in residue> ILE A  87 
 GUESSED vdw of HG12 in ILE A  87  =  1.80
 NON-STANDARD atom.|HG13| in residue> ILE A  87 
 GUESSED vdw of HG13 in ILE A  87  =  1.80
 NON-STANDARD atom.|HG21| in residue> ILE A  87 
 GUESSED vdw of HG21 in ILE A  87  =  1.80
 NON-STANDARD atom.|HG22| in residue> ILE A  87 
 GUESSED vdw of HG22 in ILE A  87  =  1.80
 NON-STANDARD atom.|HG23| in residue> ILE A  87 
 GUESSED vdw of HG23 in ILE A  87  =  1.80
 NON-STANDARD atom.|HG21| in residue> THR A  88 
 GUESSED vdw of HG21 in THR A  88  =  1.80
 NON-STANDARD atom.|HG22| in residue> THR A  88 
 GUESSED vdw of HG22 in THR A  88  =  1.80
 NON-STANDARD atom.|HG23| in residue> THR A  88 
 GUESSED vdw of HG23 in THR A  88  =  1.80
 NON-STANDARD atom.|HG12| in residue> ILE A  93 
 GUESSED vdw of HG12 in ILE A  93  =  1.80
 NON-STANDARD atom.|HG13| in residue> ILE A  93 
 GUESSED vdw of HG13 in ILE A  93  =  1.80
 NON-STANDARD atom.|HG21| in residue> ILE A  93 
 GUESSED vdw of HG21 in ILE A  93  =  1.80
 NON-STANDARD atom.|HG22| in residue> ILE A  93 
 GUESSED vdw of HG22 in ILE A  93  =  1.80
 NON-STANDARD atom.|HG23| in residue> ILE A  93 
 GUESSED vdw of HG23 in ILE A  93  =  1.80
 NON-STANDARD atom.|HG21| in residue> THR A  95 
 GUESSED vdw of HG21 in THR A  95  =  1.80
 NON-STANDARD atom.|HG22| in residue> THR A  95 
 GUESSED vdw of HG22 in THR A  95  =  1.80
 NON-STANDARD atom.|HG23| in residue> THR A  95 
 GUESSED vdw of HG23 in THR A  95  =  1.80
 NON-STANDARD atom.|HG11| in residue> VAL A 101 
 GUESSED vdw of HG11 in VAL A 101  =  1.80
 NON-STANDARD atom.|HG12| in residue> VAL A 101 
 GUESSED vdw of HG12 in VAL A 101  =  1.80
 NON-STANDARD atom.|HG13| in residue> VAL A 101 
 GUESSED vdw of HG13 in VAL A 101  =  1.80
 NON-STANDARD atom.|HG21| in residue> VAL A 101 
 GUESSED vdw of HG21 in VAL A 101  =  1.80
 NON-STANDARD atom.|HG22| in residue> VAL A 101 
 GUESSED vdw of HG22 in VAL A 101  =  1.80
 NON-STANDARD atom.|HG23| in residue> VAL A 101 
 GUESSED vdw of HG23 in VAL A 101  =  1.80
 NON-STANDARD atom.|HG21| in residue> THR A 106 
 GUESSED vdw of HG21 in THR A 106  =  1.80
 NON-STANDARD atom.|HG22| in residue> THR A 106 
 GUESSED vdw of HG22 in THR A 106  =  1.80
 NON-STANDARD atom.|HG23| in residue> THR A 106 
 GUESSED vdw of HG23 in THR A 106  =  1.80
 NON-STANDARD atom.|HG11| in residue> VAL A 110 
 GUESSED vdw of HG11 in VAL A 110  =  1.80
 NON-STANDARD atom.|HG12| in residue> VAL A 110 
 GUESSED vdw of HG12 in VAL A 110  =  1.80
 NON-STANDARD atom.|HG13| in residue> VAL A 110 
 GUESSED vdw of HG13 in VAL A 110  =  1.80
 NON-STANDARD atom.|HG21| in residue> VAL A 110 
 GUESSED vdw of HG21 in VAL A 110  =  1.80
 NON-STANDARD atom.|HG22| in residue> VAL A 110 
 GUESSED vdw of HG22 in VAL A 110  =  1.80
 NON-STANDARD atom.|HG23| in residue> VAL A 110 
 GUESSED vdw of HG23 in VAL A 110  =  1.80
 NON-STANDARD atom.|HG21| in residue> THR A 117 
 GUESSED vdw of HG21 in THR A 117  =  1.80
 NON-STANDARD atom.|HG22| in residue> THR A 117 
 GUESSED vdw of HG22 in THR A 117  =  1.80
 NON-STANDARD atom.|HG23| in residue> THR A 117 
 GUESSED vdw of HG23 in THR A 117  =  1.80
 NON-STANDARD atom.|HG11| in residue> VAL A 119 
 GUESSED vdw of HG11 in VAL A 119  =  1.80
 NON-STANDARD atom.|HG12| in residue> VAL A 119 
 GUESSED vdw of HG12 in VAL A 119  =  1.80
 NON-STANDARD atom.|HG13| in residue> VAL A 119 
 GUESSED vdw of HG13 in VAL A 119  =  1.80
 NON-STANDARD atom.|HG21| in residue> VAL A 119 
 GUESSED vdw of HG21 in VAL A 119  =  1.80
 NON-STANDARD atom.|HG22| in residue> VAL A 119 
 GUESSED vdw of HG22 in VAL A 119  =  1.80
 NON-STANDARD atom.|HG23| in residue> VAL A 119 
 GUESSED vdw of HG23 in VAL A 119  =  1.80
 NON-STANDARD atom.|HG11| in residue> VAL A 122 
 GUESSED vdw of HG11 in VAL A 122  =  1.80
 NON-STANDARD atom.|HG12| in residue> VAL A 122 
 GUESSED vdw of HG12 in VAL A 122  =  1.80
 NON-STANDARD atom.|HG13| in residue> VAL A 122 
 GUESSED vdw of HG13 in VAL A 122  =  1.80
 NON-STANDARD atom.|HG21| in residue> VAL A 122 
 GUESSED vdw of HG21 in VAL A 122  =  1.80
 NON-STANDARD atom.|HG22| in residue> VAL A 122 
 GUESSED vdw of HG22 in VAL A 122  =  1.80
 NON-STANDARD atom.|HG23| in residue> VAL A 122 
 GUESSED vdw of HG23 in VAL A 122  =  1.80
 NON-STANDARD atom.|HG11| in residue> VAL A 127 
 GUESSED vdw of HG11 in VAL A 127  =  1.80
 NON-STANDARD atom.|HG12| in residue> VAL A 127 
 GUESSED vdw of HG12 in VAL A 127  =  1.80
 NON-STANDARD atom.|HG13| in residue> VAL A 127 
 GUESSED vdw of HG13 in VAL A 127  =  1.80
 NON-STANDARD atom.|HG21| in residue> VAL A 127 
 GUESSED vdw of HG21 in VAL A 127  =  1.80
 NON-STANDARD atom.|HG22| in residue> VAL A 127 
 GUESSED vdw of HG22 in VAL A 127  =  1.80
 NON-STANDARD atom.|HG23| in residue> VAL A 127 
 GUESSED vdw of HG23 in VAL A 127  =  1.80
 NON-STANDARD atom.|HG12| in residue> ILE A 131 
 GUESSED vdw of HG12 in ILE A 131  =  1.80
 NON-STANDARD atom.|HG13| in residue> ILE A 131 
 GUESSED vdw of HG13 in ILE A 131  =  1.80
 NON-STANDARD atom.|HG21| in residue> ILE A 131 
 GUESSED vdw of HG21 in ILE A 131  =  1.80
 NON-STANDARD atom.|HG22| in residue> ILE A 131 
 GUESSED vdw of HG22 in ILE A 131  =  1.80
 NON-STANDARD atom.|HG23| in residue> ILE A 131 
 GUESSED vdw of HG23 in ILE A 131  =  1.80
 NON-STANDARD atom.|HG21| in residue> THR A 132 
 GUESSED vdw of HG21 in THR A 132  =  1.80
 NON-STANDARD atom.|HG22| in residue> THR A 132 
 GUESSED vdw of HG22 in THR A 132  =  1.80
 NON-STANDARD atom.|HG23| in residue> THR A 132 
 GUESSED vdw of HG23 in THR A 132  =  1.80
 NON-STANDARD atom.|HG12| in residue> ILE A 135 
 GUESSED vdw of HG12 in ILE A 135  =  1.80
 NON-STANDARD atom.|HG13| in residue> ILE A 135 
 GUESSED vdw of HG13 in ILE A 135  =  1.80
 NON-STANDARD atom.|HG21| in residue> ILE A 135 
 GUESSED vdw of HG21 in ILE A 135  =  1.80
 NON-STANDARD atom.|HG22| in residue> ILE A 135 
 GUESSED vdw of HG22 in ILE A 135  =  1.80
 NON-STANDARD atom.|HG23| in residue> ILE A 135 
 GUESSED vdw of HG23 in ILE A 135  =  1.80
 NON-STANDARD atom.|HG21| in residue> THR A 137 
 GUESSED vdw of HG21 in THR A 137  =  1.80
 NON-STANDARD atom.|HG22| in residue> THR A 137 
 GUESSED vdw of HG22 in THR A 137  =  1.80
 NON-STANDARD atom.|HG23| in residue> THR A 137 
 GUESSED vdw of HG23 in THR A 137  =  1.80
 NON-STANDARD atom.|HE21| in residue> GLN A 142 
 GUESSED vdw of HE21 in GLN A 142  =  1.80
 NON-STANDARD atom.|HE22| in residue> GLN A 142 
 GUESSED vdw of HE22 in GLN A 142  =  1.80
 NON-STANDARD atom.|HG21| in residue> THR A 144 
 GUESSED vdw of HG21 in THR A 144  =  1.80
 NON-STANDARD atom.|HG22| in residue> THR A 144 
 GUESSED vdw of HG22 in THR A 144  =  1.80
 NON-STANDARD atom.|HG23| in residue> THR A 144 
 GUESSED vdw of HG23 in THR A 144  =  1.80
 NON-STANDARD atom.|HG12| in residue> ILE A 147 
 GUESSED vdw of HG12 in ILE A 147  =  1.80
 NON-STANDARD atom.|HG13| in residue> ILE A 147 
 GUESSED vdw of HG13 in ILE A 147  =  1.80
 NON-STANDARD atom.|HG21| in residue> ILE A 147 
 GUESSED vdw of HG21 in ILE A 147  =  1.80
 NON-STANDARD atom.|HG22| in residue> ILE A 147 
 GUESSED vdw of HG22 in ILE A 147  =  1.80
 NON-STANDARD atom.|HG23| in residue> ILE A 147 
 GUESSED vdw of HG23 in ILE A 147  =  1.80
 NON-STANDARD atom.|HG21| in residue> THR A 152 
 GUESSED vdw of HG21 in THR A 152  =  1.80
 NON-STANDARD atom.|HG22| in residue> THR A 152 
 GUESSED vdw of HG22 in THR A 152  =  1.80
 NON-STANDARD atom.|HG23| in residue> THR A 152 
 GUESSED vdw of HG23 in THR A 152  =  1.80
 NON-STANDARD atom.|HG12| in residue> ILE A 153 
 GUESSED vdw of HG12 in ILE A 153  =  1.80
 NON-STANDARD atom.|HG13| in residue> ILE A 153 
 GUESSED vdw of HG13 in ILE A 153  =  1.80
 NON-STANDARD atom.|HG21| in residue> ILE A 153 
 GUESSED vdw of HG21 in ILE A 153  =  1.80
 NON-STANDARD atom.|HG22| in residue> ILE A 153 
 GUESSED vdw of HG22 in ILE A 153  =  1.80
 NON-STANDARD atom.|HG23| in residue> ILE A 153 
 GUESSED vdw of HG23 in ILE A 153  =  1.80
 NON-STANDARD atom.|HG21| in residue> THR A 155 
 GUESSED vdw of HG21 in THR A 155  =  1.80
 NON-STANDARD atom.|HG22| in residue> THR A 155 
 GUESSED vdw of HG22 in THR A 155  =  1.80
 NON-STANDARD atom.|HG23| in residue> THR A 155 
 GUESSED vdw of HG23 in THR A 155  =  1.80
 NON-STANDARD atom.|HG11| in residue> VAL A 166 
 GUESSED vdw of HG11 in VAL A 166  =  1.80
 NON-STANDARD atom.|HG12| in residue> VAL A 166 
 GUESSED vdw of HG12 in VAL A 166  =  1.80
 NON-STANDARD atom.|HG13| in residue> VAL A 166 
 GUESSED vdw of HG13 in VAL A 166  =  1.80
 NON-STANDARD atom.|HG21| in residue> VAL A 166 
 GUESSED vdw of HG21 in VAL A 166  =  1.80
 NON-STANDARD atom.|HG22| in residue> VAL A 166 
 GUESSED vdw of HG22 in VAL A 166  =  1.80
 NON-STANDARD atom.|HG23| in residue> VAL A 166 
 GUESSED vdw of HG23 in VAL A 166  =  1.80
 NON-STANDARD atom.|HE21| in residue> GLN A 172 
 GUESSED vdw of HE21 in GLN A 172  =  1.80
 NON-STANDARD atom.|HE22| in residue> GLN A 172 
 GUESSED vdw of HE22 in GLN A 172  =  1.80
 NON-STANDARD atom.|HG21| in residue> THR A   6 
 GUESSED vdw of HG21 in THR A   6  =  1.80
 NON-STANDARD atom.|HG22| in residue> THR A   6 
 GUESSED vdw of HG22 in THR A   6  =  1.80
 NON-STANDARD atom.|HG23| in residue> THR A   6 
 GUESSED vdw of HG23 in THR A   6  =  1.80
 NON-STANDARD atom.|HG21| in residue> THR A   9 
 GUESSED vdw of HG21 in THR A   9  =  1.80
 NON-STANDARD atom.|HG22| in residue> THR A   9 
 GUESSED vdw of HG22 in THR A   9  =  1.80
 NON-STANDARD atom.|HG23| in residue> THR A   9 
 GUESSED vdw of HG23 in THR A   9  =  1.80
 NON-STANDARD atom.|HE21| in residue> GLN A  17 
 GUESSED vdw of HE21 in GLN A  17  =  1.80
 NON-STANDARD atom.|HE22| in residue> GLN A  17 
 GUESSED vdw of HE22 in GLN A  17  =  1.80
 NON-STANDARD atom.|HG21| in residue> THR A  21 
 GUESSED vdw of HG21 in THR A  21  =  1.80
 NON-STANDARD atom.|HG22| in residue> THR A  21 
 GUESSED vdw of HG22 in THR A  21  =  1.80
 NON-STANDARD atom.|HG23| in residue> THR A  21 
 GUESSED vdw of HG23 in THR A  21  =  1.80
 NON-STANDARD atom.|HG12| in residue> ILE A  24 
 GUESSED vdw of HG12 in ILE A  24  =  1.80
 NON-STANDARD atom.|HG13| in residue> ILE A  24 
 GUESSED vdw of HG13 in ILE A  24  =  1.80
 NON-STANDARD atom.|HG21| in residue> ILE A  24 
 GUESSED vdw of HG21 in ILE A  24  =  1.80
 NON-STANDARD atom.|HG22| in residue> ILE A  24 
 GUESSED vdw of HG22 in ILE A  24  =  1.80
 NON-STANDARD atom.|HG23| in residue> ILE A  24 
 GUESSED vdw of HG23 in ILE A  24  =  1.80
 NON-STANDARD atom.|HG21| in residue> THR A  30 
 GUESSED vdw of HG21 in THR A  30  =  1.80
 NON-STANDARD atom.|HG22| in residue> THR A  30 
 GUESSED vdw of HG22 in THR A  30  =  1.80
 NON-STANDARD atom.|HG23| in residue> THR A  30 
 GUESSED vdw of HG23 in THR A  30  =  1.80
 NON-STANDARD atom.|HE21| in residue> GLN A  34 
 GUESSED vdw of HE21 in GLN A  34  =  1.80
 NON-STANDARD atom.|HE22| in residue> GLN A  34 
 GUESSED vdw of HE22 in GLN A  34  =  1.80
 NON-STANDARD atom.|HE21| in residue> GLN A  44 
 GUESSED vdw of HE21 in GLN A  44  =  1.80
 NON-STANDARD atom.|HE22| in residue> GLN A  44 
 GUESSED vdw of HE22 in GLN A  44  =  1.80
 NON-STANDARD atom.|HG11| in residue> VAL A  45 
 GUESSED vdw of HG11 in VAL A  45  =  1.80
 NON-STANDARD atom.|HG12| in residue> VAL A  45 
 GUESSED vdw of HG12 in VAL A  45  =  1.80
 NON-STANDARD atom.|HG13| in residue> VAL A  45 
 GUESSED vdw of HG13 in VAL A  45  =  1.80
 NON-STANDARD atom.|HG21| in residue> VAL A  45 
 GUESSED vdw of HG21 in VAL A  45  =  1.80
 NON-STANDARD atom.|HG22| in residue> VAL A  45 
 GUESSED vdw of HG22 in VAL A  45  =  1.80
 NON-STANDARD atom.|HG23| in residue> VAL A  45 
 GUESSED vdw of HG23 in VAL A  45  =  1.80
 NON-STANDARD atom.|HG11| in residue> VAL A  49 
 GUESSED vdw of HG11 in VAL A  49  =  1.80
 NON-STANDARD atom.|HG12| in residue> VAL A  49 
 GUESSED vdw of HG12 in VAL A  49  =  1.80
 NON-STANDARD atom.|HG13| in residue> VAL A  49 
 GUESSED vdw of HG13 in VAL A  49  =  1.80
 NON-STANDARD atom.|HG21| in residue> VAL A  49 
 GUESSED vdw of HG21 in VAL A  49  =  1.80
 NON-STANDARD atom.|HG22| in residue> VAL A  49 
 GUESSED vdw of HG22 in VAL A  49  =  1.80
 NON-STANDARD atom.|HG23| in residue> VAL A  49 
 GUESSED vdw of HG23 in VAL A  49  =  1.80
 NON-STANDARD atom.|HG11| in residue> VAL A  67 
 GUESSED vdw of HG11 in VAL A  67  =  1.80
 NON-STANDARD atom.|HG12| in residue> VAL A  67 
 GUESSED vdw of HG12 in VAL A  67  =  1.80
 NON-STANDARD atom.|HG13| in residue> VAL A  67 
 GUESSED vdw of HG13 in VAL A  67  =  1.80
 NON-STANDARD atom.|HG21| in residue> VAL A  67 
 GUESSED vdw of HG21 in VAL A  67  =  1.80
 NON-STANDARD atom.|HG22| in residue> VAL A  67 
 GUESSED vdw of HG22 in VAL A  67  =  1.80
 NON-STANDARD atom.|HG23| in residue> VAL A  67 
 GUESSED vdw of HG23 in VAL A  67  =  1.80
 NON-STANDARD atom.|HE21| in residue> GLN A  75 
 GUESSED vdw of HE21 in GLN A  75  =  1.80
 NON-STANDARD atom.|HE22| in residue> GLN A  75 
 GUESSED vdw of HE22 in GLN A  75  =  1.80
 NON-STANDARD atom.|HG11| in residue> VAL A  77 
 GUESSED vdw of HG11 in VAL A  77  =  1.80
 NON-STANDARD atom.|HG12| in residue> VAL A  77 
 GUESSED vdw of HG12 in VAL A  77  =  1.80
 NON-STANDARD atom.|HG13| in residue> VAL A  77 
 GUESSED vdw of HG13 in VAL A  77  =  1.80
 NON-STANDARD atom.|HG21| in residue> VAL A  77 
 GUESSED vdw of HG21 in VAL A  77  =  1.80
 NON-STANDARD atom.|HG22| in residue> VAL A  77 
 GUESSED vdw of HG22 in VAL A  77  =  1.80
 NON-STANDARD atom.|HG23| in residue> VAL A  77 
 GUESSED vdw of HG23 in VAL A  77  =  1.80
 NON-STANDARD atom.|HE21| in residue> GLN A  78 
 GUESSED vdw of HE21 in GLN A  78  =  1.80
 NON-STANDARD atom.|HE22| in residue> GLN A  78 
 GUESSED vdw of HE22 in GLN A  78  =  1.80
 NON-STANDARD atom.|HG21| in residue> THR A  80 
 GUESSED vdw of HG21 in THR A  80  =  1.80
 NON-STANDARD atom.|HG22| in residue> THR A  80 
 GUESSED vdw of HG22 in THR A  80  =  1.80
 NON-STANDARD atom.|HG23| in residue> THR A  80 
 GUESSED vdw of HG23 in THR A  80  =  1.80
 NON-STANDARD atom.|HG12| in residue> ILE A  87 
 GUESSED vdw of HG12 in ILE A  87  =  1.80
 NON-STANDARD atom.|HG13| in residue> ILE A  87 
 GUESSED vdw of HG13 in ILE A  87  =  1.80
 NON-STANDARD atom.|HG21| in residue> ILE A  87 
 GUESSED vdw of HG21 in ILE A  87  =  1.80
 NON-STANDARD atom.|HG22| in residue> ILE A  87 
 GUESSED vdw of HG22 in ILE A  87  =  1.80
 NON-STANDARD atom.|HG23| in residue> ILE A  87 
 GUESSED vdw of HG23 in ILE A  87  =  1.80
 NON-STANDARD atom.|HG21| in residue> THR A  88 
 GUESSED vdw of HG21 in THR A  88  =  1.80
 NON-STANDARD atom.|HG22| in residue> THR A  88 
 GUESSED vdw of HG22 in THR A  88  =  1.80
 NON-STANDARD atom.|HG23| in residue> THR A  88 
 GUESSED vdw of HG23 in THR A  88  =  1.80
 NON-STANDARD atom.|HG12| in residue> ILE A  93 
 GUESSED vdw of HG12 in ILE A  93  =  1.80
 NON-STANDARD atom.|HG13| in residue> ILE A  93 
 GUESSED vdw of HG13 in ILE A  93  =  1.80
 NON-STANDARD atom.|HG21| in residue> ILE A  93 
 GUESSED vdw of HG21 in ILE A  93  =  1.80
 NON-STANDARD atom.|HG22| in residue> ILE A  93 
 GUESSED vdw of HG22 in ILE A  93  =  1.80
 NON-STANDARD atom.|HG23| in residue> ILE A  93 
 GUESSED vdw of HG23 in ILE A  93  =  1.80
 NON-STANDARD atom.|HG21| in residue> THR A  95 
 GUESSED vdw of HG21 in THR A  95  =  1.80
 NON-STANDARD atom.|HG22| in residue> THR A  95 
 GUESSED vdw of HG22 in THR A  95  =  1.80
 NON-STANDARD atom.|HG23| in residue> THR A  95 
 GUESSED vdw of HG23 in THR A  95  =  1.80
 NON-STANDARD atom.|HG11| in residue> VAL A 101 
 GUESSED vdw of HG11 in VAL A 101  =  1.80
 NON-STANDARD atom.|HG12| in residue> VAL A 101 
 GUESSED vdw of HG12 in VAL A 101  =  1.80
 NON-STANDARD atom.|HG13| in residue> VAL A 101 
 GUESSED vdw of HG13 in VAL A 101  =  1.80
 NON-STANDARD atom.|HG21| in residue> VAL A 101 
 GUESSED vdw of HG21 in VAL A 101  =  1.80
 NON-STANDARD atom.|HG22| in residue> VAL A 101 
 GUESSED vdw of HG22 in VAL A 101  =  1.80
 NON-STANDARD atom.|HG23| in residue> VAL A 101 
 GUESSED vdw of HG23 in VAL A 101  =  1.80
 NON-STANDARD atom.|HG21| in residue> THR A 106 
 GUESSED vdw of HG21 in THR A 106  =  1.80
 NON-STANDARD atom.|HG22| in residue> THR A 106 
 GUESSED vdw of HG22 in THR A 106  =  1.80
 NON-STANDARD atom.|HG23| in residue> THR A 106 
 GUESSED vdw of HG23 in THR A 106  =  1.80
 NON-STANDARD atom.|HG11| in residue> VAL A 110 
 GUESSED vdw of HG11 in VAL A 110  =  1.80
 NON-STANDARD atom.|HG12| in residue> VAL A 110 
 GUESSED vdw of HG12 in VAL A 110  =  1.80
 NON-STANDARD atom.|HG13| in residue> VAL A 110 
 GUESSED vdw of HG13 in VAL A 110  =  1.80
 NON-STANDARD atom.|HG21| in residue> VAL A 110 
 GUESSED vdw of HG21 in VAL A 110  =  1.80
 NON-STANDARD atom.|HG22| in residue> VAL A 110 
 GUESSED vdw of HG22 in VAL A 110  =  1.80
 NON-STANDARD atom.|HG23| in residue> VAL A 110 
 GUESSED vdw of HG23 in VAL A 110  =  1.80
 NON-STANDARD atom.|HG21| in residue> THR A 117 
 GUESSED vdw of HG21 in THR A 117  =  1.80
 NON-STANDARD atom.|HG22| in residue> THR A 117 
 GUESSED vdw of HG22 in THR A 117  =  1.80
 NON-STANDARD atom.|HG23| in residue> THR A 117 
 GUESSED vdw of HG23 in THR A 117  =  1.80
 NON-STANDARD atom.|HG11| in residue> VAL A 119 
 GUESSED vdw of HG11 in VAL A 119  =  1.80
 NON-STANDARD atom.|HG12| in residue> VAL A 119 
 GUESSED vdw of HG12 in VAL A 119  =  1.80
 NON-STANDARD atom.|HG13| in residue> VAL A 119 
 GUESSED vdw of HG13 in VAL A 119  =  1.80
 NON-STANDARD atom.|HG21| in residue> VAL A 119 
 GUESSED vdw of HG21 in VAL A 119  =  1.80
 NON-STANDARD atom.|HG22| in residue> VAL A 119 
 GUESSED vdw of HG22 in VAL A 119  =  1.80
 NON-STANDARD atom.|HG23| in residue> VAL A 119 
 GUESSED vdw of HG23 in VAL A 119  =  1.80
 NON-STANDARD atom.|HG11| in residue> VAL A 122 
 GUESSED vdw of HG11 in VAL A 122  =  1.80
 NON-STANDARD atom.|HG12| in residue> VAL A 122 
 GUESSED vdw of HG12 in VAL A 122  =  1.80
 NON-STANDARD atom.|HG13| in residue> VAL A 122 
 GUESSED vdw of HG13 in VAL A 122  =  1.80
 NON-STANDARD atom.|HG21| in residue> VAL A 122 
 GUESSED vdw of HG21 in VAL A 122  =  1.80
 NON-STANDARD atom.|HG22| in residue> VAL A 122 
 GUESSED vdw of HG22 in VAL A 122  =  1.80
 NON-STANDARD atom.|HG23| in residue> VAL A 122 
 GUESSED vdw of HG23 in VAL A 122  =  1.80
 NON-STANDARD atom.|HG11| in residue> VAL A 127 
 GUESSED vdw of HG11 in VAL A 127  =  1.80
 NON-STANDARD atom.|HG12| in residue> VAL A 127 
 GUESSED vdw of HG12 in VAL A 127  =  1.80
 NON-STANDARD atom.|HG13| in residue> VAL A 127 
 GUESSED vdw of HG13 in VAL A 127  =  1.80
 NON-STANDARD atom.|HG21| in residue> VAL A 127 
 GUESSED vdw of HG21 in VAL A 127  =  1.80
 NON-STANDARD atom.|HG22| in residue> VAL A 127 
 GUESSED vdw of HG22 in VAL A 127  =  1.80
 NON-STANDARD atom.|HG23| in residue> VAL A 127 
 GUESSED vdw of HG23 in VAL A 127  =  1.80
 NON-STANDARD atom.|HG12| in residue> ILE A 131 
 GUESSED vdw of HG12 in ILE A 131  =  1.80
 NON-STANDARD atom.|HG13| in residue> ILE A 131 
 GUESSED vdw of HG13 in ILE A 131  =  1.80
 NON-STANDARD atom.|HG21| in residue> ILE A 131 
 GUESSED vdw of HG21 in ILE A 131  =  1.80
 NON-STANDARD atom.|HG22| in residue> ILE A 131 
 GUESSED vdw of HG22 in ILE A 131  =  1.80
 NON-STANDARD atom.|HG23| in residue> ILE A 131 
 GUESSED vdw of HG23 in ILE A 131  =  1.80
 NON-STANDARD atom.|HG21| in residue> THR A 132 
 GUESSED vdw of HG21 in THR A 132  =  1.80
 NON-STANDARD atom.|HG22| in residue> THR A 132 
 GUESSED vdw of HG22 in THR A 132  =  1.80
 NON-STANDARD atom.|HG23| in residue> THR A 132 
 GUESSED vdw of HG23 in THR A 132  =  1.80
 NON-STANDARD atom.|HG12| in residue> ILE A 135 
 GUESSED vdw of HG12 in ILE A 135  =  1.80
 NON-STANDARD atom.|HG13| in residue> ILE A 135 
 GUESSED vdw of HG13 in ILE A 135  =  1.80
 NON-STANDARD atom.|HG21| in residue> ILE A 135 
 GUESSED vdw of HG21 in ILE A 135  =  1.80
 NON-STANDARD atom.|HG22| in residue> ILE A 135 
 GUESSED vdw of HG22 in ILE A 135  =  1.80
 NON-STANDARD atom.|HG23| in residue> ILE A 135 
 GUESSED vdw of HG23 in ILE A 135  =  1.80
 NON-STANDARD atom.|HG21| in residue> THR A 137 
 GUESSED vdw of HG21 in THR A 137  =  1.80
 NON-STANDARD atom.|HG22| in residue> THR A 137 
 GUESSED vdw of HG22 in THR A 137  =  1.80
 NON-STANDARD atom.|HG23| in residue> THR A 137 
 GUESSED vdw of HG23 in THR A 137  =  1.80
 NON-STANDARD atom.|HE21| in residue> GLN A 142 
 GUESSED vdw of HE21 in GLN A 142  =  1.80
 NON-STANDARD atom.|HE22| in residue> GLN A 142 
 GUESSED vdw of HE22 in GLN A 142  =  1.80
 NON-STANDARD atom.|HG21| in residue> THR A 144 
 GUESSED vdw of HG21 in THR A 144  =  1.80
 NON-STANDARD atom.|HG22| in residue> THR A 144 
 GUESSED vdw of HG22 in THR A 144  =  1.80
 NON-STANDARD atom.|HG23| in residue> THR A 144 
 GUESSED vdw of HG23 in THR A 144  =  1.80
 NON-STANDARD atom.|HG12| in residue> ILE A 147 
 GUESSED vdw of HG12 in ILE A 147  =  1.80
 NON-STANDARD atom.|HG13| in residue> ILE A 147 
 GUESSED vdw of HG13 in ILE A 147  =  1.80
 NON-STANDARD atom.|HG21| in residue> ILE A 147 
 GUESSED vdw of HG21 in ILE A 147  =  1.80
 NON-STANDARD atom.|HG22| in residue> ILE A 147 
 GUESSED vdw of HG22 in ILE A 147  =  1.80
 NON-STANDARD atom.|HG23| in residue> ILE A 147 
 GUESSED vdw of HG23 in ILE A 147  =  1.80
 NON-STANDARD atom.|HG21| in residue> THR A 152 
 GUESSED vdw of HG21 in THR A 152  =  1.80
 NON-STANDARD atom.|HG22| in residue> THR A 152 
 GUESSED vdw of HG22 in THR A 152  =  1.80
 NON-STANDARD atom.|HG23| in residue> THR A 152 
 GUESSED vdw of HG23 in THR A 152  =  1.80
 NON-STANDARD atom.|HG12| in residue> ILE A 153 
 GUESSED vdw of HG12 in ILE A 153  =  1.80
 NON-STANDARD atom.|HG13| in residue> ILE A 153 
 GUESSED vdw of HG13 in ILE A 153  =  1.80
 NON-STANDARD atom.|HG21| in residue> ILE A 153 
 GUESSED vdw of HG21 in ILE A 153  =  1.80
 NON-STANDARD atom.|HG22| in residue> ILE A 153 
 GUESSED vdw of HG22 in ILE A 153  =  1.80
 NON-STANDARD atom.|HG23| in residue> ILE A 153 
 GUESSED vdw of HG23 in ILE A 153  =  1.80
 NON-STANDARD atom.|HG21| in residue> THR A 155 
 GUESSED vdw of HG21 in THR A 155  =  1.80
 NON-STANDARD atom.|HG22| in residue> THR A 155 
 GUESSED vdw of HG22 in THR A 155  =  1.80
 NON-STANDARD atom.|HG23| in residue> THR A 155 
 GUESSED vdw of HG23 in THR A 155  =  1.80
 NON-STANDARD atom.|HG11| in residue> VAL A 166 
 GUESSED vdw of HG11 in VAL A 166  =  1.80
 NON-STANDARD atom.|HG12| in residue> VAL A 166 
 GUESSED vdw of HG12 in VAL A 166  =  1.80
 NON-STANDARD atom.|HG13| in residue> VAL A 166 
 GUESSED vdw of HG13 in VAL A 166  =  1.80
 NON-STANDARD atom.|HG21| in residue> VAL A 166 
 GUESSED vdw of HG21 in VAL A 166  =  1.80
 NON-STANDARD atom.|HG22| in residue> VAL A 166 
 GUESSED vdw of HG22 in VAL A 166  =  1.80
 NON-STANDARD atom.|HG23| in residue> VAL A 166 
 GUESSED vdw of HG23 in VAL A 166  =  1.80
 NON-STANDARD atom.|HE21| in residue> GLN A 172 
 GUESSED vdw of HE21 in GLN A 172  =  1.80
 NON-STANDARD atom.|HE22| in residue> GLN A 172 
 GUESSED vdw of HE22 in GLN A 172  =  1.80
 NON-STANDARD atom.|HG21| in residue> THR A   6 
 GUESSED vdw of HG21 in THR A   6  =  1.80
 NON-STANDARD atom.|HG22| in residue> THR A   6 
 GUESSED vdw of HG22 in THR A   6  =  1.80
 NON-STANDARD atom.|HG23| in residue> THR A   6 
 GUESSED vdw of HG23 in THR A   6  =  1.80
 NON-STANDARD atom.|HG21| in residue> THR A   9 
 GUESSED vdw of HG21 in THR A   9  =  1.80
 NON-STANDARD atom.|HG22| in residue> THR A   9 
 GUESSED vdw of HG22 in THR A   9  =  1.80
 NON-STANDARD atom.|HG23| in residue> THR A   9 
 GUESSED vdw of HG23 in THR A   9  =  1.80
 NON-STANDARD atom.|HE21| in residue> GLN A  17 
 GUESSED vdw of HE21 in GLN A  17  =  1.80
 NON-STANDARD atom.|HE22| in residue> GLN A  17 
 GUESSED vdw of HE22 in GLN A  17  =  1.80
 NON-STANDARD atom.|HG21| in residue> THR A  21 
 GUESSED vdw of HG21 in THR A  21  =  1.80
 NON-STANDARD atom.|HG22| in residue> THR A  21 
 GUESSED vdw of HG22 in THR A  21  =  1.80
 NON-STANDARD atom.|HG23| in residue> THR A  21 
 GUESSED vdw of HG23 in THR A  21  =  1.80
 NON-STANDARD atom.|HG12| in residue> ILE A  24 
 GUESSED vdw of HG12 in ILE A  24  =  1.80
 NON-STANDARD atom.|HG13| in residue> ILE A  24 
 GUESSED vdw of HG13 in ILE A  24  =  1.80
 NON-STANDARD atom.|HG21| in residue> ILE A  24 
 GUESSED vdw of HG21 in ILE A  24  =  1.80
 NON-STANDARD atom.|HG22| in residue> ILE A  24 
 GUESSED vdw of HG22 in ILE A  24  =  1.80
 NON-STANDARD atom.|HG23| in residue> ILE A  24 
 GUESSED vdw of HG23 in ILE A  24  =  1.80
 NON-STANDARD atom.|HG21| in residue> THR A  30 
 GUESSED vdw of HG21 in THR A  30  =  1.80
 NON-STANDARD atom.|HG22| in residue> THR A  30 
 GUESSED vdw of HG22 in THR A  30  =  1.80
 NON-STANDARD atom.|HG23| in residue> THR A  30 
 GUESSED vdw of HG23 in THR A  30  =  1.80
 NON-STANDARD atom.|HE21| in residue> GLN A  34 
 GUESSED vdw of HE21 in GLN A  34  =  1.80
 NON-STANDARD atom.|HE22| in residue> GLN A  34 
 GUESSED vdw of HE22 in GLN A  34  =  1.80
 NON-STANDARD atom.|HE21| in residue> GLN A  44 
 GUESSED vdw of HE21 in GLN A  44  =  1.80
 NON-STANDARD atom.|HE22| in residue> GLN A  44 
 GUESSED vdw of HE22 in GLN A  44  =  1.80
 NON-STANDARD atom.|HG11| in residue> VAL A  45 
 GUESSED vdw of HG11 in VAL A  45  =  1.80
 NON-STANDARD atom.|HG12| in residue> VAL A  45 
 GUESSED vdw of HG12 in VAL A  45  =  1.80
 NON-STANDARD atom.|HG13| in residue> VAL A  45 
 GUESSED vdw of HG13 in VAL A  45  =  1.80
 NON-STANDARD atom.|HG21| in residue> VAL A  45 
 GUESSED vdw of HG21 in VAL A  45  =  1.80
 NON-STANDARD atom.|HG22| in residue> VAL A  45 
 GUESSED vdw of HG22 in VAL A  45  =  1.80
 NON-STANDARD atom.|HG23| in residue> VAL A  45 
 GUESSED vdw of HG23 in VAL A  45  =  1.80
 NON-STANDARD atom.|HG11| in residue> VAL A  49 
 GUESSED vdw of HG11 in VAL A  49  =  1.80
 NON-STANDARD atom.|HG12| in residue> VAL A  49 
 GUESSED vdw of HG12 in VAL A  49  =  1.80
 NON-STANDARD atom.|HG13| in residue> VAL A  49 
 GUESSED vdw of HG13 in VAL A  49  =  1.80
 NON-STANDARD atom.|HG21| in residue> VAL A  49 
 GUESSED vdw of HG21 in VAL A  49  =  1.80
 NON-STANDARD atom.|HG22| in residue> VAL A  49 
 GUESSED vdw of HG22 in VAL A  49  =  1.80
 NON-STANDARD atom.|HG23| in residue> VAL A  49 
 GUESSED vdw of HG23 in VAL A  49  =  1.80
 NON-STANDARD atom.|HG11| in residue> VAL A  67 
 GUESSED vdw of HG11 in VAL A  67  =  1.80
 NON-STANDARD atom.|HG12| in residue> VAL A  67 
 GUESSED vdw of HG12 in VAL A  67  =  1.80
 NON-STANDARD atom.|HG13| in residue> VAL A  67 
 GUESSED vdw of HG13 in VAL A  67  =  1.80
 NON-STANDARD atom.|HG21| in residue> VAL A  67 
 GUESSED vdw of HG21 in VAL A  67  =  1.80
 NON-STANDARD atom.|HG22| in residue> VAL A  67 
 GUESSED vdw of HG22 in VAL A  67  =  1.80
 NON-STANDARD atom.|HG23| in residue> VAL A  67 
 GUESSED vdw of HG23 in VAL A  67  =  1.80
 NON-STANDARD atom.|HE21| in residue> GLN A  75 
 GUESSED vdw of HE21 in GLN A  75  =  1.80
 NON-STANDARD atom.|HE22| in residue> GLN A  75 
 GUESSED vdw of HE22 in GLN A  75  =  1.80
 NON-STANDARD atom.|HG11| in residue> VAL A  77 
 GUESSED vdw of HG11 in VAL A  77  =  1.80
 NON-STANDARD atom.|HG12| in residue> VAL A  77 
 GUESSED vdw of HG12 in VAL A  77  =  1.80
 NON-STANDARD atom.|HG13| in residue> VAL A  77 
 GUESSED vdw of HG13 in VAL A  77  =  1.80
 NON-STANDARD atom.|HG21| in residue> VAL A  77 
 GUESSED vdw of HG21 in VAL A  77  =  1.80
 NON-STANDARD atom.|HG22| in residue> VAL A  77 
 GUESSED vdw of HG22 in VAL A  77  =  1.80
 NON-STANDARD atom.|HG23| in residue> VAL A  77 
 GUESSED vdw of HG23 in VAL A  77  =  1.80
 NON-STANDARD atom.|HE21| in residue> GLN A  78 
 GUESSED vdw of HE21 in GLN A  78  =  1.80
 NON-STANDARD atom.|HE22| in residue> GLN A  78 
 GUESSED vdw of HE22 in GLN A  78  =  1.80
 NON-STANDARD atom.|HG21| in residue> THR A  80 
 GUESSED vdw of HG21 in THR A  80  =  1.80
 NON-STANDARD atom.|HG22| in residue> THR A  80 
 GUESSED vdw of HG22 in THR A  80  =  1.80
 NON-STANDARD atom.|HG23| in residue> THR A  80 
 GUESSED vdw of HG23 in THR A  80  =  1.80
 NON-STANDARD atom.|HG12| in residue> ILE A  87 
 GUESSED vdw of HG12 in ILE A  87  =  1.80
 NON-STANDARD atom.|HG13| in residue> ILE A  87 
 GUESSED vdw of HG13 in ILE A  87  =  1.80
 NON-STANDARD atom.|HG21| in residue> ILE A  87 
 GUESSED vdw of HG21 in ILE A  87  =  1.80
 NON-STANDARD atom.|HG22| in residue> ILE A  87 
 GUESSED vdw of HG22 in ILE A  87  =  1.80
 NON-STANDARD atom.|HG23| in residue> ILE A  87 
 GUESSED vdw of HG23 in ILE A  87  =  1.80
 NON-STANDARD atom.|HG21| in residue> THR A  88 
 GUESSED vdw of HG21 in THR A  88  =  1.80
 NON-STANDARD atom.|HG22| in residue> THR A  88 
 GUESSED vdw of HG22 in THR A  88  =  1.80
 NON-STANDARD atom.|HG23| in residue> THR A  88 
 GUESSED vdw of HG23 in THR A  88  =  1.80
 NON-STANDARD atom.|HG12| in residue> ILE A  93 
 GUESSED vdw of HG12 in ILE A  93  =  1.80
 NON-STANDARD atom.|HG13| in residue> ILE A  93 
 GUESSED vdw of HG13 in ILE A  93  =  1.80
 NON-STANDARD atom.|HG21| in residue> ILE A  93 
 GUESSED vdw of HG21 in ILE A  93  =  1.80
 NON-STANDARD atom.|HG22| in residue> ILE A  93 
 GUESSED vdw of HG22 in ILE A  93  =  1.80
 NON-STANDARD atom.|HG23| in residue> ILE A  93 
 GUESSED vdw of HG23 in ILE A  93  =  1.80
 NON-STANDARD atom.|HG21| in residue> THR A  95 
 GUESSED vdw of HG21 in THR A  95  =  1.80
 NON-STANDARD atom.|HG22| in residue> THR A  95 
 GUESSED vdw of HG22 in THR A  95  =  1.80
 NON-STANDARD atom.|HG23| in residue> THR A  95 
 GUESSED vdw of HG23 in THR A  95  =  1.80
 NON-STANDARD atom.|HG11| in residue> VAL A 101 
 GUESSED vdw of HG11 in VAL A 101  =  1.80
 NON-STANDARD atom.|HG12| in residue> VAL A 101 
 GUESSED vdw of HG12 in VAL A 101  =  1.80
 NON-STANDARD atom.|HG13| in residue> VAL A 101 
 GUESSED vdw of HG13 in VAL A 101  =  1.80
 NON-STANDARD atom.|HG21| in residue> VAL A 101 
 GUESSED vdw of HG21 in VAL A 101  =  1.80
 NON-STANDARD atom.|HG22| in residue> VAL A 101 
 GUESSED vdw of HG22 in VAL A 101  =  1.80
 NON-STANDARD atom.|HG23| in residue> VAL A 101 
 GUESSED vdw of HG23 in VAL A 101  =  1.80
 NON-STANDARD atom.|HG21| in residue> THR A 106 
 GUESSED vdw of HG21 in THR A 106  =  1.80
 NON-STANDARD atom.|HG22| in residue> THR A 106 
 GUESSED vdw of HG22 in THR A 106  =  1.80
 NON-STANDARD atom.|HG23| in residue> THR A 106 
 GUESSED vdw of HG23 in THR A 106  =  1.80
 NON-STANDARD atom.|HG11| in residue> VAL A 110 
 GUESSED vdw of HG11 in VAL A 110  =  1.80
 NON-STANDARD atom.|HG12| in residue> VAL A 110 
 GUESSED vdw of HG12 in VAL A 110  =  1.80
 NON-STANDARD atom.|HG13| in residue> VAL A 110 
 GUESSED vdw of HG13 in VAL A 110  =  1.80
 NON-STANDARD atom.|HG21| in residue> VAL A 110 
 GUESSED vdw of HG21 in VAL A 110  =  1.80
 NON-STANDARD atom.|HG22| in residue> VAL A 110 
 GUESSED vdw of HG22 in VAL A 110  =  1.80
 NON-STANDARD atom.|HG23| in residue> VAL A 110 
 GUESSED vdw of HG23 in VAL A 110  =  1.80
 NON-STANDARD atom.|HG21| in residue> THR A 117 
 GUESSED vdw of HG21 in THR A 117  =  1.80
 NON-STANDARD atom.|HG22| in residue> THR A 117 
 GUESSED vdw of HG22 in THR A 117  =  1.80
 NON-STANDARD atom.|HG23| in residue> THR A 117 
 GUESSED vdw of HG23 in THR A 117  =  1.80
 NON-STANDARD atom.|HG11| in residue> VAL A 119 
 GUESSED vdw of HG11 in VAL A 119  =  1.80
 NON-STANDARD atom.|HG12| in residue> VAL A 119 
 GUESSED vdw of HG12 in VAL A 119  =  1.80
 NON-STANDARD atom.|HG13| in residue> VAL A 119 
 GUESSED vdw of HG13 in VAL A 119  =  1.80
 NON-STANDARD atom.|HG21| in residue> VAL A 119 
 GUESSED vdw of HG21 in VAL A 119  =  1.80
 NON-STANDARD atom.|HG22| in residue> VAL A 119 
 GUESSED vdw of HG22 in VAL A 119  =  1.80
 NON-STANDARD atom.|HG23| in residue> VAL A 119 
 GUESSED vdw of HG23 in VAL A 119  =  1.80
 NON-STANDARD atom.|HG11| in residue> VAL A 122 
 GUESSED vdw of HG11 in VAL A 122  =  1.80
 NON-STANDARD atom.|HG12| in residue> VAL A 122 
 GUESSED vdw of HG12 in VAL A 122  =  1.80
 NON-STANDARD atom.|HG13| in residue> VAL A 122 
 GUESSED vdw of HG13 in VAL A 122  =  1.80
 NON-STANDARD atom.|HG21| in residue> VAL A 122 
 GUESSED vdw of HG21 in VAL A 122  =  1.80
 NON-STANDARD atom.|HG22| in residue> VAL A 122 
 GUESSED vdw of HG22 in VAL A 122  =  1.80
 NON-STANDARD atom.|HG23| in residue> VAL A 122 
 GUESSED vdw of HG23 in VAL A 122  =  1.80
 NON-STANDARD atom.|HG11| in residue> VAL A 127 
 GUESSED vdw of HG11 in VAL A 127  =  1.80
 NON-STANDARD atom.|HG12| in residue> VAL A 127 
 GUESSED vdw of HG12 in VAL A 127  =  1.80
 NON-STANDARD atom.|HG13| in residue> VAL A 127 
 GUESSED vdw of HG13 in VAL A 127  =  1.80
 NON-STANDARD atom.|HG21| in residue> VAL A 127 
 GUESSED vdw of HG21 in VAL A 127  =  1.80
 NON-STANDARD atom.|HG22| in residue> VAL A 127 
 GUESSED vdw of HG22 in VAL A 127  =  1.80
 NON-STANDARD atom.|HG23| in residue> VAL A 127 
 GUESSED vdw of HG23 in VAL A 127  =  1.80
 NON-STANDARD atom.|HG12| in residue> ILE A 131 
 GUESSED vdw of HG12 in ILE A 131  =  1.80
 NON-STANDARD atom.|HG13| in residue> ILE A 131 
 GUESSED vdw of HG13 in ILE A 131  =  1.80
 NON-STANDARD atom.|HG21| in residue> ILE A 131 
 GUESSED vdw of HG21 in ILE A 131  =  1.80
 NON-STANDARD atom.|HG22| in residue> ILE A 131 
 GUESSED vdw of HG22 in ILE A 131  =  1.80
 NON-STANDARD atom.|HG23| in residue> ILE A 131 
 GUESSED vdw of HG23 in ILE A 131  =  1.80
 NON-STANDARD atom.|HG21| in residue> THR A 132 
 GUESSED vdw of HG21 in THR A 132  =  1.80
 NON-STANDARD atom.|HG22| in residue> THR A 132 
 GUESSED vdw of HG22 in THR A 132  =  1.80
 NON-STANDARD atom.|HG23| in residue> THR A 132 
 GUESSED vdw of HG23 in THR A 132  =  1.80
 NON-STANDARD atom.|HG12| in residue> ILE A 135 
 GUESSED vdw of HG12 in ILE A 135  =  1.80
 NON-STANDARD atom.|HG13| in residue> ILE A 135 
 GUESSED vdw of HG13 in ILE A 135  =  1.80
 NON-STANDARD atom.|HG21| in residue> ILE A 135 
 GUESSED vdw of HG21 in ILE A 135  =  1.80
 NON-STANDARD atom.|HG22| in residue> ILE A 135 
 GUESSED vdw of HG22 in ILE A 135  =  1.80
 NON-STANDARD atom.|HG23| in residue> ILE A 135 
 GUESSED vdw of HG23 in ILE A 135  =  1.80
 NON-STANDARD atom.|HG21| in residue> THR A 137 
 GUESSED vdw of HG21 in THR A 137  =  1.80
 NON-STANDARD atom.|HG22| in residue> THR A 137 
 GUESSED vdw of HG22 in THR A 137  =  1.80
 NON-STANDARD atom.|HG23| in residue> THR A 137 
 GUESSED vdw of HG23 in THR A 137  =  1.80
 NON-STANDARD atom.|HE21| in residue> GLN A 142 
 GUESSED vdw of HE21 in GLN A 142  =  1.80
 NON-STANDARD atom.|HE22| in residue> GLN A 142 
 GUESSED vdw of HE22 in GLN A 142  =  1.80
 NON-STANDARD atom.|HG21| in residue> THR A 144 
 GUESSED vdw of HG21 in THR A 144  =  1.80
 NON-STANDARD atom.|HG22| in residue> THR A 144 
 GUESSED vdw of HG22 in THR A 144  =  1.80
 NON-STANDARD atom.|HG23| in residue> THR A 144 
 GUESSED vdw of HG23 in THR A 144  =  1.80
 NON-STANDARD atom.|HG12| in residue> ILE A 147 
 GUESSED vdw of HG12 in ILE A 147  =  1.80
 NON-STANDARD atom.|HG13| in residue> ILE A 147 
 GUESSED vdw of HG13 in ILE A 147  =  1.80
 NON-STANDARD atom.|HG21| in residue> ILE A 147 
 GUESSED vdw of HG21 in ILE A 147  =  1.80
 NON-STANDARD atom.|HG22| in residue> ILE A 147 
 GUESSED vdw of HG22 in ILE A 147  =  1.80
 NON-STANDARD atom.|HG23| in residue> ILE A 147 
 GUESSED vdw of HG23 in ILE A 147  =  1.80
 NON-STANDARD atom.|HG21| in residue> THR A 152 
 GUESSED vdw of HG21 in THR A 152  =  1.80
 NON-STANDARD atom.|HG22| in residue> THR A 152 
 GUESSED vdw of HG22 in THR A 152  =  1.80
 NON-STANDARD atom.|HG23| in residue> THR A 152 
 GUESSED vdw of HG23 in THR A 152  =  1.80
 NON-STANDARD atom.|HG12| in residue> ILE A 153 
 GUESSED vdw of HG12 in ILE A 153  =  1.80
 NON-STANDARD atom.|HG13| in residue> ILE A 153 
 GUESSED vdw of HG13 in ILE A 153  =  1.80
 NON-STANDARD atom.|HG21| in residue> ILE A 153 
 GUESSED vdw of HG21 in ILE A 153  =  1.80
 NON-STANDARD atom.|HG22| in residue> ILE A 153 
 GUESSED vdw of HG22 in ILE A 153  =  1.80
 NON-STANDARD atom.|HG23| in residue> ILE A 153 
 GUESSED vdw of HG23 in ILE A 153  =  1.80
 NON-STANDARD atom.|HG21| in residue> THR A 155 
 GUESSED vdw of HG21 in THR A 155  =  1.80
 NON-STANDARD atom.|HG22| in residue> THR A 155 
 GUESSED vdw of HG22 in THR A 155  =  1.80
 NON-STANDARD atom.|HG23| in residue> THR A 155 
 GUESSED vdw of HG23 in THR A 155  =  1.80
 NON-STANDARD atom.|HG11| in residue> VAL A 166 
 GUESSED vdw of HG11 in VAL A 166  =  1.80
 NON-STANDARD atom.|HG12| in residue> VAL A 166 
 GUESSED vdw of HG12 in VAL A 166  =  1.80
 NON-STANDARD atom.|HG13| in residue> VAL A 166 
 GUESSED vdw of HG13 in VAL A 166  =  1.80
 NON-STANDARD atom.|HG21| in residue> VAL A 166 
 GUESSED vdw of HG21 in VAL A 166  =  1.80
 NON-STANDARD atom.|HG22| in residue> VAL A 166 
 GUESSED vdw of HG22 in VAL A 166  =  1.80
 NON-STANDARD atom.|HG23| in residue> VAL A 166 
 GUESSED vdw of HG23 in VAL A 166  =  1.80
 NON-STANDARD atom.|HE21| in residue> GLN A 172 
 GUESSED vdw of HE21 in GLN A 172  =  1.80
 NON-STANDARD atom.|HE22| in residue> GLN A 172 
 GUESSED vdw of HE22 in GLN A 172  =  1.80
 ADDED VDW RADII
 CHAINS       1
 RESIDUES  1760
 ATOMS    14980
